ID,Category,LINK,SLOT (Numeric International),STANDARD (Numeric International),SLOT (Numeric 1-7),STANDARD (Numeric 1-7),SLOT (Descriptive),STANDARD (Descriptive),,
0,Corners,INTO,LEFT_HAIRPIN,,LEFT_1,,LEFT_HAIRPIN,,,
1,Corners,INTO,LEFT_1,,LEFT_2,,LEFT_SLOW,,,
2,Corners,INTO,LEFT_2,,LEFT_3,,LEFT_K,,,
3,Corners,INTO,LEFT_3,,LEFT_4,,LEFT_MEDIUM,,,
4,Corners,INTO,LEFT_4,,LEFT_5,,LEFT_FAST,,,
5,Corners,INTO,LEFT_5,,LEFT_6,,LEFT_EASY,,,
6,Corners,INTO,RIGHT_5,,RIGHT_6,,RIGHT_EASY,,,
7,Corners,INTO,RIGHT_4,,RIGHT_5,,RIGHT_FAST,,,
8,Corners,INTO,RIGHT_3,,RIGHT_4,,RIGHT_MEDIUM,,,
9,Corners,INTO,RIGHT_2,,RIGHT_3,,RIGHT_K,,,
10,Corners,INTO,RIGHT_1,,RIGHT_2,,RIGHT_SLOW,,,
11,Corners,INTO,RIGHT_HAIRPIN,,RIGHT_1,,RIGHT_HAIRPIN,,,
12,Line,,TWISTY,,,,,,,
13,Links,,DISTANCE_CALL,,,,,,,
14,Modifier,,NARROWS,,,,,,,
15,Modifier,,WIDEOUT,,,,,,,
16,Obstacles,,OVER_CREST,,,,,,,
17,Obstacles,,FORD,,,,,,,
18,Cautions,,CARE,,,,,,,
19,Obstacles,,BUMP,,,,,,,
20,Obstacles,,JUMP,,,,,,,
21,Links,,START,,,,,,,
22,Links,INTO,FINISH,,,,,,,
23,Links,,SPLIT,,,,,,,
24,Links,,END_OF_TRACK,,,,,,,
25,Links,,NEXT_LAP,,,,,,,
26,Links,,TO_FINISH,,,,,,,
27,Obstacles,,BRIDGE,,,,,,,
28,Line,,GOSTRAIGHT,,,,,,,
29,Line,,KEEP_RIGHT,,,,,,,
30,Line,,KEEP_LEFT,,,,,,,
31,Line,,KEEP_MIDDLE,,,,,,,
32,Cautions,,CAUTION,,,,,,,
33,Cautions,,DOUBLE_CAUTION,,,,,,,
34,Cautions,,TRIPLE_CAUTION,,,,,,,
35,Cautions,,CAREIN,,,,,,,
36,Cautions,,CAREOUT,,,,,,,
37,Cautions,,PRECISE,,,,,,,
38,Cautions,,DECEPTIVE,,,,,,,
39,Cautions,,HIDDEN,,,,,,,
40,Cautions,,BLIND,,,,,,,
41,Cautions,,SUDDEN,,,,,,,
42,Cautions,,IMPORTANT,,,,,,,
43,Cautions,,DRAWS_IN,,,,,,,
44,Cautions,,THROWS_OUT,,,,,,,
45,Cautions,,LIFTS,,,,,,,
46,Cautions,,REMEMBER,,,,,,,
47,Cautions,,PATIENT,,,,,,,
48,,,,,,,,,,
49,,,,,,,,,,
50,,,,,,,,,,
51,,,,,,,,,,
52,,,,,,,,,,
53,,,,,,,,,,
54,,,,,,,,,,
55,,,,,,,,,,
56,,,,,,,,,,
57,,,,,,,,,,
58,,,,,,,,,,
59,,,,,,,,,,
60,Obstacles,,CREST,,,,,,,
61,Obstacles,,BROW,,,,,,,
62,Obstacles,,DITCH,,,,,,,
63,Obstacles,,CHICANE,,,,,,,
64,Obstacles,,DIP,,,,,,,
65,Obstacles,,DROP,,,,,,,
66,Obstacles,,GATE,,,,,,,
67,Obstacles,,TUNNEL,,,,,,,
68,Obstacles,,CURB,,,,,,,
69,Obstacles,,RAILS,,,,,,,
70,Obstacles,,RAILWAY,,,,,,,
71,Obstacles,,BUMPS,,,,,,,
72,Obstacles,,HOLE,,,,,,,
73,Obstacles,,GRATE,,,,,,,
74,Obstacles,,RUT,,,,,,,
75,Obstacles,,RUTS,,,,,,,
76,Obstacles,,ROUNDABOUT,,,,,,,
77,Obstacles,,JUNCTION,,,,,,,
78,Obstacles,,FORK,,,,,,,
79,Obstacles,,LAYBY,,,,,,,
80,Obstacles,,INCLINE,,,,,,,
81,Obstacles,,HILL,,,,,,,
82,Obstacles,,SLOPE,,,,,,,
83,Obstacles,,FIELD,,,,,,,
84,Obstacles,,WATER,,,,,,,
85,Obstacles,,SUMPPU,,,,,,,
86,,,,,,,,,,
87,,,,,,,,,,
88,,,,,,,,,NOTE: Add types of sections at 2000+,
89,,,,,,,,,,
90,,,,,,,,,,
91,,,,,,,,,,
92,,,,,,,,,,
93,,,,,,,,,,
94,,,,,,,,,,
95,,,,,,,,,,
96,,,,,,,,,,
97,,,,,,,,,,
98,,,,,,,,,,
99,,,,,,,,,,
100,Corners,,LEFT,,LEFT,,LEFT,,,
101,Corners,INTO,LEFT_6,LEFT_5,LEFT_7,LEFT_6,LEFT_FLAT,LEFT_EASY,,
102,Corners,INTO,LEFT_SQUARE,LEFT_2,LEFT_SQUARE,LEFT_3,LEFT_SQUARE,LEFT_K,,
103,Corners,,LEFT_INTO,,LEFT_INTO,,LEFT_INTO,,,
104,Corners,INTO,LEFT_RIGHT,TWISTY,LEFT_RIGHT,TWISTY,LEFT_RIGHT,TWISTY,,
105,Corners,INTO,LEFT_ACUTE,,LEFT_ACUTE,,LEFT_ACUTE,,,
106,Corners,INTO,LEFT_AROUND,,LEFT_AROUND,,LEFT_AROUND,,,
107,Corners,INTO,LEFT_DONUT,,LEFT_DONUT,,LEFT_DONUT,,,
108,Corners,,LEFT_SHORT,,LEFT_SHORT,,LEFT_SHORT,,,
109,Corners,,LEFT_OVER,,LEFT_OVER,,LEFT_OVER,,,
110,Corners,INTO,CHICANE_LEFT_ENTRY,CHICANE,CHICANE_LEFT_ENTRY,CHICANE,CHICANE_LEFT_ENTRY,CHICANE,,
111,,,,,,,,,,
112,Corners,,RIGHT,,RIGHT,,RIGHT,,,
113,Corners,INTO,RIGHT_6,RIGHT_5,RIGHT_7,RIGHT_6,RIGHT_FLAT,RIGHT_EASY,,
114,Corners,INTO,RIGHT_SQUARE,RIGHT_2,RIGHT_SQUARE,RIGHT_3,RIGHT_SQUARE,RIGHT_K,,
115,Corners,,RIGHT_INTO,,RIGHT_INTO,,RIGHT_INTO,,,
116,Corners,INTO,RIGHT_LEFT,TWISTY,RIGHT_LEFT,TWISTY,RIGHT_LEFT,TWISTY,,
117,Corners,INTO,RIGHT_ACUTE,,RIGHT_ACUTE,,RIGHT_ACUTE,,,
118,Corners,INTO,RIGHT_AROUND,,RIGHT_AROUND,,RIGHT_AROUND,,,
119,Corners,INTO,RIGHT_DONUT,,RIGHT_DONUT,,RIGHT_DONUT,,,
120,Corners,,RIGHT_SHORT,,RIGHT_SHORT,,RIGHT_SHORT,,,
121,Corners,,RIGHT_OVER,,RIGHT_OVER,,RIGHT_OVER,,,
122,Corners,INTO,CHICANE_RIGHT_ENTRY,CHICANE,CHICANE_RIGHT_ENTRY,CHICANE,CHICANE_RIGHT_ENTRY,CHICANE,,
123,,,,,,,,,,
124,,,,,,,,,,
125,,,,,,,,,,
126,,,,,,,,,,
127,,,,,,,,,,
128,,,,,,,,,,
129,,,,,,,,,,
130,Line,,KEEP_STRAIGHT,,,,,,,
131,Line,,KEEP_IN,,,,,,,
132,Line,,KEEP_OUT,,,,,,,
133,Line,,FROM_LEFT,,,,,,,
134,Line,,FROM_RIGHT,,,,,,,
135,Line,,TO_LEFT,,,,,,,
136,Line,,TO_RIGHT,,,,,,,
137,,,,,,,,,,
138,,,,,,,,,,
139,,,,,,,,,,
140,Range,,1,,,,,,,
141,Range,,2,,,,,,,
142,Range,,3,,,,,,,
143,Range,,4,,,,,,,
144,Range,,5,,,,,,,
145,Range,,6,,,,,,,
146,Range,,7,,,,,,,
147,Range,,8,,,,,,,
148,Range,,9,,,,,,,
149,Range,,10,,,,,,,
150,Range,,20,,,,,,,
151,Range,,30,,,,,,,
152,Range,,40,,,,,,,
153,Range,,50,,,,,,,
154,Range,,60,,,,,,,
155,Range,,70,,,,,,,
156,Range,,80,,,,,,,
157,Range,,90,,,,,,,
158,Range,,100,,,,,,,
159,Range,,120,,,,,,,
160,Range,,140,,,,,,,
161,Range,,150,,,,,,,
162,Range,,160,,,,,,,
163,Range,,180,,,,,,,
164,Range,,200,,,,,,,
165,Range,,250,,,,,,,
166,Range,,300,,,,,,,
167,Range,,350,,,,,,,
168,Range,,400,,,,,,,
169,Range,,450,,,,,,,
170,Range,,500,,,,,,,
171,Range,,600,,,,,,,
172,Range,,700,,,,,,,
173,Range,,800,,,,,,,
174,Range,,900,,,,,,,
175,Range,,1000,,,,,,,
176,,,,,,,,,,
177,,,,,,,,,,
178,,,,,,,,,,
179,,,,,,,,,,
180,,,,,,,,,,
181,,,,,,,,,,
182,,,,,,,,,,
183,,,,,,,,,,
184,,,,,,,,,,
185,,,,,,,,,,
186,,,,,,,,,,
187,,,,,,,,,,
188,,,,,,,,,,
189,,,,,,,,,,
190,,,,,,,,,,
191,,,,,,,,,,
192,,,,,,,,,,
193,,,,,,,,,,
194,,,,,,,,,,
195,,,,,,,,,,
196,,,,,,,,,,
197,,,,,,,,,,
198,,,,,,,,,,
199,,,,,,,,,,
200,Modifier,,TIGHT,,,,,,,
201,Modifier,,NARROW,,,,,,NOTE: Add variations of these at 2000+,
202,Modifier,,WIDE,,,,,,NOTE: Add variations of these at 2000+,
203,Modifier,,WIDENS,,,,,,NOTE: Add variations of these at 2000+,
204,Modifier,,DOUBLE,,,,,,NOTE: Add variations of these at 2000+,
205,Modifier,,OUTSIDE,,,,,,NOTE: Add variations of these at 2000+,
206,Modifier,,BETWEEN,,,,,,NOTE: Add variations of these at 2000+,
207,Modifier,,INSIDE,,,,,,NOTE: Add variations of these at 2000+,
208,Modifier,,MIDDLE,,,,,,NOTE: Add variations of these at 2000+,
209,Modifier,,SLIGHT,,,,,,NOTE: Add variations of these at 2000+,
210,Modifier,,SHORT,,,,,,NOTE: Add variations of these at 2000+,
211,Modifier,,SHORT_VERY,,,,,,NOTE: Add variations of these at 2000+,
212,Modifier,,LONG_VERY,,,,,,NOTE: Add variations of these at 2000+,
213,Modifier,,ROUND,,,,,,NOTE: Add variations of these at 2000+,
214,Modifier,,SHARP,,,,,,NOTE: Add variations of these at 2000+,
215,Modifier,,DONT,,,,,,NOTE: Add variations of these at 2000+,
216,Modifier,,SECTION,,,,,,NOTE: Add variations of these at 2000+,
217,Modifier,,EARLY,,,,,,NOTE: Add variations of these at 2000+,
218,Modifier,,LATE,,,,,,NOTE: Add variations of these at 2000+,
219,Modifier,,DOUBLE_TIGHTENS,,,,,,NOTE: Add variations of these at 2000+,
220,Modifier,,STEEP,,,,,,NOTE: Add variations of these at 2000+,
221,Modifier,,DEEP,,,,,,NOTE: Add variations of these at 2000+,
222,Modifier,,SHORT_HALF,,,,,,NOTE: Add variations of these at 2000+,
223,Modifier,,SHORT_EXTRA,,,,,,NOTE: Add variations of these at 2000+,
224,Modifier,,SHORT_EXTRAEXTRA,,,,,,,
225,Modifier,,SHORT_FUCKING,,,,,,,
226,Modifier,,SHORTSHORT,,,,,,,
227,Modifier,,NARROW_ENTRY,,,,,,,
228,Modifier,,NARROW_EXIT,,,,,,,
229,Modifier,,WIDE_ENTRY,,,,,,Note: WIDE_OUT is the alternative,
230,Modifier,,MINUS,,,,,,,
231,Modifier,,MINUSMINUS,,,,,,,
232,Modifier,,PLUS,,,,,,,
233,Modifier,,PLUSPLUS,,,,,,,
234,Modifier,,LONG_HALF,,,,,,,
235,Modifier,,LONG_EXTRA,,,,,,,
236,Modifier,,LONG_EXTRAEXTRA,,,,,,,
237,Modifier,,LONG_FUCKING,,,,,,,
238,Modifier,,LONGLONG,,,,,,,
239,Modifier,,SECTION_FASTER,,,,,,,
240,Modifier,,SECTION_SLOWER,,,,,,,
241,Modifier,,SECTION_NARROWER,,,,,,,
242,Modifier,,SECTION_WIDER,,,,,,,
243,,,,,,,,,,
244,,,,,,,,,,
245,,,,,,,,,,
246,,,,,,,,,,
247,,,,,,,,,,
248,,,,,,,,,,
249,,,,,,,,,,
250,Construction,,BALE,,,,,,,
251,Construction,,TIRE,,,,,,,
252,Construction,,BARREL,,,,,,,
253,Construction,,ROCK,,,,,,,
254,Construction,,POLE,,,,,,,
255,Construction,,BUSH,,,,,,,
256,Construction,,TREE,,,,,,,
257,Construction,,PATH,,,,,,,
258,Construction,,PUDDLE,,,,,,,
259,Construction,,SPECTATOR,,,,,,,
260,Construction,,MARSHALL,,,,,,,
261,Construction,,HOUSE,,,,,,,
262,Construction,,BANNER,,,,,,,
263,Construction,,BARRIER,,,,,,,
264,Construction,,ISLAND,,,,,,,
265,Construction,,WALKWAY,,,,,,,
266,Construction,,SIGN,,,,,,,
267,Construction,,LOG,,,,,,,
268,Construction,,CAR,,,,,,,
269,Construction,,SNOW_BANK,,,,,,,
270,Construction,,STUMP,,,,,,,
271,Construction,,NETTING,,,,,,,
272,Construction,,TAPE,,,,,,,
273,Construction,,WALL,,,,,,,
274,Construction,,FENCE,,,,,,,
275,Construction,,CONE,,,,,,,
276,,,,,,,,,,
277,,,,,,,,,,
278,,,,,,,,,,
279,,,,,,,,,,
280,,,,,,,,,,
281,,,,,,,,,,
282,,,,,,,,,,
283,,,,,,,,,,
284,,,,,,,,,,
285,,,,,,,,,,
286,,,,,,,,,,
287,,,,,,,,,,
288,,,,,,,,,,
289,,,,,,,,,,
290,,,,,,,,,,
291,,,,,,,,,,
292,,,,,,,,,,
293,,,,,,,,,,
294,,,,,,,,,,
295,,,,,,,,,,
296,,,,,,,,,,
297,,,,,,,,,,
298,,,,,,,,,,
299,,,,,,,,,,
300,Surface,,DRY,,,,,,,
301,Surface,,DAMP,,,,,,,
302,Surface,,WET,,,,,,,
303,Surface,,DIRTY,,,,,,,
304,Surface,,MUDDY,,,,,,,
305,Surface,,SLIPPY,,,,,,,
306,Surface,,BUMPY,,,,,,,
307,Surface,,ROUGH,,,,,,,
308,Surface,,SMOOTH,,,,,,,
309,,,,,,,,,,
310,Surface,,GRIT,,,,,,,
311,Surface,,GRAVEL,,,,,,,
312,Surface,,DIRT,,,,,,,
313,Surface,,TARMAC,,,,,,,
314,Surface,,CONCRETE,,,,,,,
315,Surface,,RUBBLE,,,,,,,
316,Surface,,SNOW,,,,,,,
317,Surface,,ICE,,,,,,,
318,Surface,,BLACK_ICE,,,,,,,
319,Surface,,MUD,,,,,,,
320,Surface,,COBBLES,,,,,,,
321,,,,,,,,,,
322,,,,,,,,,,
323,,,,,,,,,,
324,,,,,,,,,,
325,,,,,,,,,,
326,,,,,,,,,,
327,,,,,,,,,,
328,,,,,,,,,,
329,,,,,,,,,,
330,,,,,,,,,,
331,,,,,,,,,,
332,,,,,,,,,,
333,,,,,,,,,,
334,,,,,,,,,,
335,,,,,,,,,,
336,,,,,,,,,,
337,,,,,,,,,,
338,,,,,,,,,,
339,,,,,,,,,,
340,,,,,,,,,,
341,,,,,,,,,,
342,,,,,,,,,,
343,,,,,,,,,,
344,,,,,,,,,,
345,,,,,,,,,,
346,,,,,,,,,,
347,,,,,,,,,,
348,,,,,,,,,,
349,,,,,,,,,,
350,Line,,DIRECT,,,,,,,
351,Line,,DIRECTLY,,,,,,,
352,Line,,TAKE,,,,,,,
353,Line,,NEXT,,,,,,,
354,Line,,HANG,,,,,,,
355,Line,,AGAIN,,,,,,,
356,Line,,HOOK,,,,,,,
357,Line,,CLIP,,,,,,,
358,Line,,CUT_LATE,,,,,,,
359,Line,,CUT_EARLY,,,,,,,
360,Line,,CUT_FULL,,,,,,,
361,Line,,CUT_LIGHT,,,,,,,
362,Line,,CUT_THROUGH,,,,,,,
363,Line,,CUT_DEEP,,,,,,,
364,Line,,DONTCUT_EARLY,,,,,,,
365,Line,,DONTCUT_LATE,,,,,,,
366,Line,,KEEP_LINE,,,,,,,
367,Line,,CAMBER,,,,,,,
368,Line,,CAMBER_BAD,,,,,,,
369,Line,,CAMBER_GOOD,,,,,,,
370,Line,,LEFTISH,,,,,,,
371,Line,,RIGHTISH,,,,,,,
372,Line,,GO_ROUND,,,,,,,
373,Line,,DOUBLE_DONT,,,,,,,
374,Line,,TRIPLE_DONT,,,,,,,
375,Line,,CAMBER_POSITIVE,,,,,,,
376,Line,,CAMBER_NEGATIVE,,,,,,,
377,Line,,TO_SIGHT_DISTANCE,,,,,,,
378,Line,,STAY,,,,,,,
379,Line,,STAY_IN,,,,,,,
380,Line,,STAY_OUT,,,,,,,
381,Line,,STAY_NARROW,,,,,,,
382,Line,,STAY_WIDE,,,,,,,
383,Line,,DOWNHILL,,,,,,,
384,Line,,UPHILL,,,,,,,
385,,,,,,,,,,
386,,,,,,,,,,
387,,,,,,,,,,
388,,,,,,,,,,
389,,,,,,,,,,
390,,,,,,,,,,
391,,,,,,,,,,
392,,,,,,,,,,
393,,,,,,,,,,
394,,,,,,,,,,
395,,,,,,,,,,
396,,,,,,,,,,
397,,,,,,,,,,
398,,,,,,,,,,
399,,,,,,,,,,
400,Links,,TAKE_EXIT,,,,,,,
401,Links,,THROUGH,,,,,,,
402,Links,,FOR,,,,,,,
403,Links,,THEN,,,,,,,
404,Links,,IMMEDIATE,,,,,,,
405,Links,,CONTINUES,,,,,,,
406,,,,,,,,,,
407,Links,,OVER,,,,,,,
408,,,,,,,,,,
409,Links,,DONE,,,,,,,
410,,,,,,,,,,
411,,,,,,,,,,
412,,,,,,,,,,
413,,,,,,,,,,
414,,,,,,,,,,
415,,,,,,,,,,
416,,,,,,,,,,
417,,,,,,,,,,
418,,,,,,,,,,
419,,,,,,,,,,
420,Driving,,BRAKE,,,,,,,
421,Driving,,BRAKE_HARD,,,,,,,
422,Driving,,BRAKING,,,,,,,
423,Driving,,DAB,,,,,,,
424,Driving,,HANDBRAKE,,,,,,,
425,Driving,,SLOW,,,,,,,
426,Driving,,SLOWING,,,,,,,
427,Driving,,WALKING_SPEED,,,,,,,
428,Driving,,STOP,,,,,,,
429,Driving,,LIFT,,,,,,,
430,Driving,,SMOOTH,,,,,,,
431,Driving,,NEAT,,,,,,,
432,Driving,,FASTER,,,,,,,
433,Driving,,FLATOUT,,,,,,,
434,Driving,,BRAVE,,,,,,,
435,Driving,,BELIEVE,,,,,,,
436,Driving,,SIDEWAYS,,,,,,,
437,Driving,,UNDERSTEER,,,,,,,
438,Driving,,DONTLOCKUP,,,,,,,
439,,,,,,,,,,
440,,,,,,,,,,
441,,,,,,,,,,
442,,,,,,,,,,
443,,,,,,,,,,
444,,,,,,,,,,
445,,,,,,,,,,
446,,,,,,,,,,
447,,,,,,,,,,
448,,,,,,,,,,
449,,,,,,,,,,
450,,,,,,,,,,
451,,,,,,,,,,
452,,,,,,,,,,
453,,,,,,,,,,
454,,,,,,,,,,
455,,,,,,,,,,
456,,,,,,,,,,
457,,,,,,,,,,
458,,,,,,,,,,
459,,,,,,,,,,
460,,,,,,,,,,
461,,,,,,,,,,
462,,,,,,,,,,
463,,,,,,,,,,
464,,,,,,,,,,
465,,,,,,,,,,
466,,,,,,,,,,
467,,,,,,,,,,
468,,,,,,,,,,
469,,,,,,,,,,
470,,,,,,,,,,
471,,,,,,,,,,
472,,,,,,,,,,
473,,,,,,,,,,
474,,,,,,,,,,
475,,,,,,,,,,
476,,,,,,,,,,
477,,,,,,,,,,
478,,,,,,,,,,
479,,,,,,,,,,
480,,,,,,,,,,
481,,,,,,,,,,
482,,,,,,,,,,
483,,,,,,,,,,
484,,,,,,,,,,
485,,,,,,,,,,
486,,,,,,,,,,
487,,,,,,,,,,
488,,,,,,,,,,
489,,,,,,,,,,
490,,,,,,,,,,
491,,,,,,,,,,
492,,,,,,,,,,
493,,,,,,,,,,
494,,,,,,,,,,
495,,,,,,,,,,
496,,,,,,,,,,
497,,,,,,,,,,
498,,,,,,,,,,
499,,,,,,,,,,
500,Prepositions,,BEFORE,,,,,,,
501,Prepositions,,AFTER,,,,,,,
502,Prepositions,,BEHIND,,,,,,,
503,Prepositions,,NEAR,,,,,,,
504,Prepositions,,IN,,,,,,,
505,Prepositions,,ON,,,,,,,
506,Prepositions,,OFF,,,,,,,
507,Prepositions,,UNTIL,,,,,,,
508,Prepositions,,AT,,,,,,,
509,Prepositions,,AT_ENTRY,,,,,,,
510,Prepositions,,AT_EXIT,,,,,,,
511,,,,,,,,,,
512,,,,,,,,,,
513,,,,,,,,,,
514,,,,,,,,,,
515,,,,,,,,,,
516,,,,,,,,,,
517,,,,,,,,,,
518,,,,,,,,,,
519,,,,,,,,,,
520,,,,,,,,,,
521,,,,,,,,,,
522,,,,,,,,,,
523,,,,,,,,,,
524,,,,,,,,,,
525,,,,,,,,,,
526,,,,,,,,,,
527,,,,,,,,,,
528,,,,,,,,,,
529,,,,,,,,,,
530,,,,,,,,,,
531,,,,,,,,,,
532,,,,,,,,,,
533,,,,,,,,,,
534,,,,,,,,,,
535,,,,,,,,,,
536,,,,,,,,,,
537,,,,,,,,,,
538,,,,,,,,,,
539,,,,,,,,,,
540,,,,,,,,,,
541,,,,,,,,,,
542,,,,,,,,,,
543,,,,,,,,,,
544,,,,,,,,,,
545,,,,,,,,,,
546,,,,,,,,,,
547,,,,,,,,,,
548,,,,,,,,,,
549,,,,,,,,,,
550,,,,,,,,,,
551,,,,,,,,,,
552,,,,,,,,,,
553,,,,,,,,,,
554,,,,,,,,,,
555,,,,,,,,,,
556,,,,,,,,,,
557,,,,,,,,,,
558,,,,,,,,,,
559,,,,,,,,,,
560,,,,,,,,,,
561,,,,,,,,,,
562,,,,,,,,,,
563,,,,,,,,,,
564,,,,,,,,,,
565,,,,,,,,,,
566,,,,,,,,,,
567,,,,,,,,,,
568,,,,,,,,,,
569,,,,,,,,,,
570,,,,,,,,,,
571,,,,,,,,,,
572,,,,,,,,,,
573,,,,,,,,,,
574,,,,,,,,,,
575,,,,,,,,,,
576,,,,,,,,,,
577,,,,,,,,,,
578,,,,,,,,,,
579,,,,,,,,,,
580,,,,,,,,,,
581,,,,,,,,,,
582,,,,,,,,,,
583,,,,,,,,,,
584,,,,,,,,,,
585,,,,,,,,,,
586,,,,,,,,,,
587,,,,,,,,,,
588,,,,,,,,,,
589,,,,,,,,,,
590,,,,,,,,,,
591,,,,,,,,,,
592,,,,,,,,,,
593,,,,,,,,,,
594,,,,,,,,,,
595,,,,,,,,,,
596,,,,,,,,,,
597,,,,,,,,,,
598,,,,,,,,,,
599,,,,,,,,,,
600,Prepositions,,AT_BALE,,,,,,,
601,Prepositions,,AT_TIRE,,,,,,,
602,Prepositions,,AT_BARREL,,,,,,,
603,Prepositions,,AT_ROCK,,,,,,,
604,Prepositions,,AT_POLE,,,,,,,
605,Prepositions,,AT_BUSH,,,,,,,
606,Prepositions,,AT_TREE,,,,,,,
607,Prepositions,,AT_PATH,,,,,,,
608,Prepositions,,AT_PUDDLE,,,,,,,
609,Prepositions,,AT_SPECTATOR,,,,,,,
610,Prepositions,,AT_MARSHALL,,,,,,,
611,Prepositions,,AT_HOUSE,,,,,,,
612,Prepositions,,AT_BANNER,,,,,,,
613,Prepositions,,AT_BARRIER,,,,,,,
614,Prepositions,,AT_ISLAND,,,,,,,
615,Prepositions,,AT_WALKWAY,,,,,,,
616,Prepositions,,AT_SIGN,,,,,,,
617,Prepositions,,AT_LOG,,,,,,,
618,Prepositions,,AT_CAR,,,,,,,
619,Prepositions,,AT_SNOW_BANK,,,,,,,
620,Prepositions,,AT_STUMP,,,,,,,
621,Prepositions,,AT_NETTING,,,,,,,
622,Prepositions,,AT_TAPE,,,,,,,
623,Prepositions,,AT_WALL,,,,,,,
624,Prepositions,,AT_FENCE,,,,,,,
625,Prepositions,,AT_CONE,,,,,,,
626,Prepositions,,AT_SPLIT,,,,,,,
627,,,,,,,,,,
628,,,,,,,,,,
629,,,,,,,,,,
630,,,,,,,,,,
631,,,,,,,,,,
632,,,,,,,,,,
633,,,,,,,,,,
634,,,,,,,,,,
635,Prepositions,,AT_FORD,,,,,,,
636,Prepositions,,AT_BUMP,,,,,,,
637,Prepositions,,AT_JUMP,,,,,,,
638,Prepositions,,AT_BRIDGE,,,,,,,
639,Prepositions,,AT_CREST,,,,,,,
640,Prepositions,,AT_BROW,,,,,,,
641,Prepositions,,AT_DITCH,,,,,,,
642,Prepositions,,AT_CHICANE,,,,,,,
643,Prepositions,,AT_DIP,,,,,,,
644,Prepositions,,AT_DROP,,,,,,,
645,Prepositions,,AT_GATE,,,,,,,
646,Prepositions,,AT_TUNNEL,,,,,,,
647,Prepositions,,AT_CURB,,,,,,,
648,Prepositions,,AT_RAILS,,,,,,,
649,Prepositions,,AT_RAILWAY,,,,,,,
650,Prepositions,,AT_BUMPS,,,,,,,
651,Prepositions,,AT_HOLE,,,,,,,
652,Prepositions,,AT_GRATE,,,,,,,
653,Prepositions,,AT_RUT,,,,,,,
654,Prepositions,,AT_RUTS,,,,,,,
655,Prepositions,,AT_ROUNDABOUT,,,,,,,
656,Prepositions,,AT_JUNCTION,,,,,,,
657,Prepositions,,AT_FORK,,,,,,,
658,Prepositions,,AT_LAYBY,,,,,,,
659,Prepositions,,AT_INCLINE,,,,,,,
660,Prepositions,,AT_HILL,,,,,,,
661,Prepositions,,AT_SLOPE,,,,,,,
662,Prepositions,,AT_FIELD,,,,,,,
663,Prepositions,,AT_WATER,,,,,,,
664,Prepositions,,AT_SUMPPU,,,,,,,
665,,,,,,,,,,
666,,,,,,,,,,
667,,,,,,,,,,
668,,,,,,,,,,
669,,,,,,,,,,
670,,,,,,,,,,
671,,,,,,,,,,
672,,,,,,,,,,
673,,,,,,,,,,
674,,,,,,,,,,
675,Prepositions,,AT_BLACK,,,,,,,
676,Prepositions,,AT_BLUE,,,,,,,
677,Prepositions,,AT_GREEN,,,,,,,
678,Prepositions,,AT_RED,,,,,,,
679,Prepositions,,AT_WHITE,,,,,,,
680,Prepositions,,AT_YELLOW,,,,,,,
681,Prepositions,,AT_OBJECT,,,,,,,
682,Prepositions,,AT_THING,,,,,,,
683,Prepositions,,AT_MARK,,,,,,,
684,,,,,,,,,,
685,,,,,,,,,,
686,,,,,,,,,,
687,,,,,,,,,,
688,,,,,,,,,,
689,,,,,,,,,,
690,,,,,,,,,,
691,,,,,,,,,,
692,,,,,,,,,,
693,,,,,,,,,,
694,,,,,,,,,,
695,,,,,,,,,,
696,,,,,,,,,,
697,,,,,,,,,,
698,,,,,,,,,,
699,,,,,,,,,,
700,,,,,,,,,,
701,,,,,,,,,,
702,,,,,,,,,,
703,,,,,,,,,,
704,,,,,,,,,,
705,,,,,,,,,,
706,,,,,,,,,,
707,,,,,,,,,,
708,,,,,,,,,,
709,,,,,,,,,,
710,,,,,,,,,,
711,,,,,,,,,,
712,,,,,,,,,,
713,,,,,,,,,,
714,,,,,,,,,,
715,,,,,,,,,,
716,,,,,,,,,,
717,,,,,,,,,,
718,,,,,,,,,,
719,,,,,,,,,,
720,,,,,,,,,,
721,,,,,,,,,,
722,,,,,,,,,,
723,,,,,,,,,,
724,,,,,,,,,,
725,,,,,,,,,,
726,,,,,,,,,,
727,,,,,,,,,,
728,,,,,,,,,,
729,,,,,,,,,,
730,,,,,,,,,,
731,,,,,,,,,,
732,,,,,,,,,,
733,,,,,,,,,,
734,,,,,,,,,,
735,,,,,,,,,,
736,,,,,,,,,,
737,,,,,,,,,,
738,,,,,,,,,,
739,,,,,,,,,,
740,,,,,,,,,,
741,,,,,,,,,,
742,,,,,,,,,,
743,,,,,,,,,,
744,,,,,,,,,,
745,,,,,,,,,,
746,,,,,,,,,,
747,,,,,,,,,,
748,,,,,,,,,,
749,,,,,,,,,,
750,,,,,,,,,,
751,,,,,,,,,,
752,,,,,,,,,,
753,,,,,,,,,,
754,,,,,,,,,,
755,,,,,,,,,,
756,,,,,,,,,,
757,,,,,,,,,,
758,,,,,,,,,,
759,,,,,,,,,,
760,,,,,,,,,,
761,,,,,,,,,,
762,,,,,,,,,,
763,,,,,,,,,,
764,,,,,,,,,,
765,,,,,,,,,,
766,,,,,,,,,,
767,,,,,,,,,,
768,,,,,,,,,,
769,,,,,,,,,,
770,,,,,,,,,,
771,,,,,,,,,,
772,,,,,,,,,,
773,,,,,,,,,,
774,,,,,,,,,,
775,,,,,,,,,,
776,,,,,,,,,,
777,,,,,,,,,,
778,,,,,,,,,,
779,,,,,,,,,,
780,,,,,,,,,,
781,,,,,,,,,,
782,,,,,,,,,,
783,,,,,,,,,,
784,,,,,,,,,,
785,,,,,,,,,,
786,,,,,,,,,,
787,,,,,,,,,,
788,,,,,,,,,,
789,,,,,,,,,,
790,,,,,,,,,,
791,,,,,,,,,,
792,,,,,,,,,,
793,,,,,,,,,,
794,,,,,,,,,,
795,,,,,,,,,,
796,,,,,,,,,,
797,,,,,,,,,,
798,,,,,,,,,,
799,,,,,,,,,,
800,,,,,,,,,,
801,,,,,,,,,,
802,,,,,,,,,,
803,,,,,,,,,,
804,,,,,,,,,,
805,,,,,,,,,,
806,,,,,,,,,,
807,,,,,,,,,,
808,,,,,,,,,,
809,,,,,,,,,,
810,,,,,,,,,,
811,,,,,,,,,,
812,,,,,,,,,,
813,,,,,,,,,,
814,,,,,,,,,,
815,,,,,,,,,,
816,,,,,,,,,,
817,,,,,,,,,,
818,,,,,,,,,,
819,,,,,,,,,,
820,,,,,,,,,,
821,,,,,,,,,,
822,,,,,,,,,,
823,,,,,,,,,,
824,,,,,,,,,,
825,,,,,,,,,,
826,,,,,,,,,,
827,,,,,,,,,,
828,,,,,,,,,,
829,,,,,,,,,,
830,,,,,,,,,,
831,,,,,,,,,,
832,,,,,,,,,,
833,,,,,,,,,,
834,,,,,,,,,,
835,,,,,,,,,,
836,,,,,,,,,,
837,,,,,,,,,,
838,,,,,,,,,,
839,,,,,,,,,,
840,,,,,,,,,,
841,,,,,,,,,,
842,,,,,,,,,,
843,,,,,,,,,,
844,,,,,,,,,,
845,,,,,,,,,,
846,,,,,,,,,,
847,,,,,,,,,,
848,,,,,,,,,,
849,,,,,,,,,,
850,,,,,,,,,,
851,,,,,,,,,,
852,,,,,,,,,,
853,,,,,,,,,,
854,,,,,,,,,,
855,,,,,,,,,,
856,,,,,,,,,,
857,,,,,,,,,,
858,,,,,,,,,,
859,,,,,,,,,,
860,,,,,,,,,,
861,,,,,,,,,,
862,,,,,,,,,,
863,,,,,,,,,,
864,,,,,,,,,,
865,,,,,,,,,,
866,,,,,,,,,,
867,,,,,,,,,,
868,,,,,,,,,,
869,,,,,,,,,,
870,,,,,,,,,,
871,,,,,,,,,,
872,,,,,,,,,,
873,,,,,,,,,,
874,,,,,,,,,,
875,,,,,,,,,,
876,,,,,,,,,,
877,,,,,,,,,,
878,,,,,,,,,,
879,,,,,,,,,,
880,,,,,,,,,,
881,,,,,,,,,,
882,,,,,,,,,,
883,,,,,,,,,,
884,,,,,,,,,,
885,,,,,,,,,,
886,,,,,,,,,,
887,,,,,,,,,,
888,,,,,,,,,,
889,,,,,,,,,,
890,,,,,,,,,,
891,,,,,,,,,,
892,,,,,,,,,,
893,,,,,,,,,,
894,,,,,,,,,,
895,,,,,,,,,,
896,,,,,,,,,,
897,,,,,,,,,,
898,,,,,,,,,,
899,,,,,,,,,,
900,,,,,,,,,,
901,,,,,,,,,,
902,,,,,,,,,,
903,,,,,,,,,,
904,,,,,,,,,,
905,,,,,,,,,,
906,,,,,,,,,,
907,,,,,,,,,,
908,,,,,,,,,,
909,,,,,,,,,,
910,,,,,,,,,,
911,,,,,,,,,,
912,,,,,,,,,,
913,,,,,,,,,,
914,,,,,,,,,,
915,,,,,,,,,,
916,,,,,,,,,,
917,,,,,,,,,,
918,,,,,,,,,,
919,,,,,,,,,,
920,,,,,,,,,,
921,,,,,,,,,,
922,,,,,,,,,,
923,,,,,,,,,,
924,,,,,,,,,,
925,,,,,,,,,,
926,,,,,,,,,,
927,,,,,,,,,,
928,,,,,,,,,,
929,,,,,,,,,,
930,,,,,,,,,,
931,,,,,,,,,,
932,,,,,,,,,,
933,,,,,,,,,,
934,,,,,,,,,,
935,,,,,,,,,,
936,,,,,,,,,,
937,,,,,,,,,,
938,,,,,,,,,,
939,,,,,,,,,,
940,,,,,,,,,,
941,,,,,,,,,,
942,,,,,,,,,,
943,,,,,,,,,,
944,,,,,,,,,,
945,,,,,,,,,,
946,,,,,,,,,,
947,,,,,,,,,,
948,,,,,,,,,,
949,,,,,,,,,,
950,,,,,,,,,,
951,,,,,,,,,,
952,,,,,,,,,,
953,,,,,,,,,,
954,,,,,,,,,,
955,,,,,,,,,,
956,,,,,,,,,,
957,,,,,,,,,,
958,,,,,,,,,,
959,,,,,,,,,,
960,,,,,,,,,,
961,,,,,,,,,,
962,,,,,,,,,,
963,,,,,,,,,,
964,,,,,,,,,,
965,,,,,,,,,,
966,,,,,,,,,,
967,,,,,,,,,,
968,,,,,,,,,,
969,,,,,,,,,,
970,,,,,,,,,,
971,,,,,,,,,,
972,,,,,,,,,,
973,,,,,,,,,,
974,,,,,,,,,,
975,,,,,,,,,,
976,,,,,,,,,,
977,,,,,,,,,,
978,,,,,,,,,,
979,,,,,,,,,,
980,,,,,,,,,,
981,,,,,,,,,,
982,,,,,,,,,,
983,,,,,,,,,,
984,,,,,,,,,,
985,,,,,,,,,,
986,,,,,,,,,,
987,,,,,,,,,,
988,,,,,,,,,,
989,,,,,,,,,,
990,,,,,,,,,,
991,,,,,,,,,,
992,,,,,,,,,,
993,,,,,,,,,,
994,,,,,,,,,,
995,,,,,,,,,,
996,,,,,,,,,,
997,,,,,,,,,,
998,,,,,,,,,,
999,,,,,,,,,,
1000,Adjectives,,TIGHTENS_TO5,TO5,TIGHTENS_TO6,TO6,TIGHTENS_TOEASY,TOEASY,,
1001,Adjectives,,TIGHTENS_TO4,TO4,TIGHTENS_TO5,TO5,TIGHTENS_TOFAST,TOFAST,,
1002,Adjectives,,TIGHTENS_TO3,TO3,TIGHTENS_TO4,TO4,TIGHTENS_TOMEDIUM,TOMEDIUM,,
1003,Adjectives,,TIGHTENS_TO2,TO2,TIGHTENS_TO3,TO3,TIGHTENS_TOK,TOK,,
1004,Adjectives,,TIGHTENS_TOSQUARE,TOSQUARE,TIGHTENS_TOSQUARE,TOSQUARE,TIGHTENS_TOSQUARE,TOSQUARE,,
1005,Adjectives,,TIGHTENS_TO1,TO1,TIGHTENS_TO2,TO2,TIGHTENS_TOSLOW,TOSLOW,,
1006,Adjectives,,TIGHTENS_TOHP,TOHP,TIGHTENS_TO1,TO1,TIGHTENS_TOHP,TOHP,,
1007,Adjectives,,TIGHTENS_TOACUTE,TOACUTE,TIGHTENS_TOACUTE,TOACUTE,TIGHTENS_TOACUTE,TOACUTE,,
1008,,,,,,,,,,
1009,,,,,,,,,,
1010,Adjectives,,TO6,,TO7,,TOFLAT,,,
1011,Adjectives,,TO5,,TO6,,TOEASY,,,
1012,Adjectives,,TO4,,TO5,,TOFAST,,,
1013,Adjectives,,TO3,,TO4,,TOMEDIUM,,,
1014,Adjectives,,TO2,,TO3,,TOK,,,
1015,Adjectives,,TOSQUARE,,TOSQUARE,,TOSQUARE,,,
1016,Adjectives,,TO1,,TO2,,TOSLOW,,,
1017,Adjectives,,TOHP,,TO1,,TOHP,,,
1018,Adjectives,,TOACUTE,,TOACUTE,,TOACUTE,,,
1019,,,,,,,,,,
1020,Adjectives,,OPENS_TO6,TO6,OPENS_TO7,TO7,OPENS_TOFLAT,TOFLAT,,
1021,Adjectives,,OPENS_TO5,TO5,OPENS_TO6,TO6,OPENS_TOEASY,TOEASY,,
1022,Adjectives,,OPENS_TO4,TO4,OPENS_TO5,TO5,OPENS_TOFAST,TOFAST,,
1023,Adjectives,,OPENS_TO3,TO3,OPENS_TO4,TO4,OPENS_TOMEDIUM,TOMEDIUM,,
1024,Adjectives,,OPENS_TO2,TO2,OPENS_TO3,TO3,OPENS_TOK,TOK,,
1025,Adjectives,,OPENS_TOSQUARE,TOSQUARE,OPENS_TOSQUARE,TOSQUARE,OPENS_TOSQUARE,TOSQUARE,,
1026,Adjectives,,OPENS_TO1,TO1,OPENS_TO2,TO2,OPENS_TOSLOW,TOSLOW,,
1027,Adjectives,,OPENS_TOHP,TOHP,OPENS_TO1,TO1,OPENS_TOHP,TOHP,,
1028,,,,,,,,,,
1029,,,,,,,,,,
1030,Adjectives,,OPENS,,OPENS,,OPENS,,,
1031,Adjectives,,OPENS_TIGHTENS,,OPENS_TIGHTENS,,OPENS_TIGHTENS,,,
1032,Adjectives,,OPENS_LITTLE,,OPENS_LITTLE,,OPENS_LITTLE,,,
1033,Adjectives,,OPENS_EARLY,,OPENS_EARLY,,OPENS_EARLY,,,
1034,Adjectives,,OPENS_LATE,,OPENS_LATE,,OPENS_LATE,,,
1035,Adjectives,,OPENS_LONG,,OPENS_LONG,,OPENS_LONG,,,
1036,Adjectives,,OPENS_VERYLONG,,OPENS_VERYLONG,,OPENS_VERYLONG,,,
1037,Adjectives,,OPENS_ROUND,,OPENS_ROUND,,OPENS_ROUND,,,
1038,Adjectives,,TIGHTENS_OPENS,,TIGHTENS_OPENS,,TIGHTENS_OPENS,,,
1039,Adjectives,,TIGHTENS_LITTLE,,TIGHTENS_LITTLE,,TIGHTENS_LITTLE,,,
1040,Adjectives,,TIGHTENS_EARLY,,TIGHTENS_EARLY,,TIGHTENS_EARLY,,,
1041,Adjectives,,TIGHTENS_LATE,,TIGHTENS_LATE,,TIGHTENS_LATE,,,
1042,Adjectives,,TIGHTENS_LONG,,TIGHTENS_LONG,,TIGHTENS_LONG,,,
1043,Adjectives,,TIGHTENS_VERYLONG,,TIGHTENS_VERYLONG,,TIGHTENS_VERYLONG,,,
1044,Adjectives,,TIGHTENS_SHARP,,TIGHTENS_SHARP,,TIGHTENS_SHARP,,,
1045,Adjectives,,TIGHTENS_ROUND,,TIGHTENS_ROUND,,TIGHTENS_ROUND,,,
1046,Adjectives,,OPENS_VERYVERYLONG,OPENS_LONG,OPENS_VERYVERYLONG,OPENS_LONG,OPENS_VERYVERYLONG,OPENS_LONG,,
1047,Adjectives,,OPENS_FUCKINGLONG,OPENS_LONG,OPENS_FUCKINGLONG,OPENS_LONG,OPENS_FUCKINGLONG,OPENS_LONG,,
1048,Adjectives,,TIGHTENS_VERYVERYLONG,TIGHTENS_LONG,TIGHTENS_VERYVERYLONG,TIGHTENS_LONG,TIGHTENS_VERYVERYLONG,TIGHTENS_LONG,,
1049,Adjectives,,TIGHTENS_FUCKINGLONG,TIGHTENS_LONG,TIGHTENS_FUCKINGLONG,TIGHTENS_LONG,TIGHTENS_FUCKINGLONG,TIGHTENS_LONG,,
1050,Adjectives,,NIPS,,NIPS,,NIPS,,,
1051,,,,,,,,,,
1052,,,,,,,,,,
1053,,,,,,,,,,
1054,,,,,,,,,,
1055,,,,,,,,,,
1056,,,,,,,,,,
1057,,,,,,,,,,
1058,,,,,,,,,,
1059,,,,,,,,,,
1060,,,,,,,,,,
1061,,,,,,,,,,
1062,,,,,,,,,,
1063,,,,,,,,,,
1064,,,,,,,,,,
1065,,,,,,,,,,
1066,,,,,,,,,,
1067,,,,,,,,,,
1068,,,,,,,,,,
1069,,,,,,,,,,
1070,,,,,,,,,,
1071,,,,,,,,,,
1072,,,,,,,,,,
1073,,,,,,,,,,
1074,,,,,,,,,,
1075,,,,,,,,,,
1076,,,,,,,,,,
1077,,,,,,,,,,
1078,,,,,,,,,,
1079,,,,,,,,,,
1080,,,,,,,,,,
1081,,,,,,,,,,
1082,,,,,,,,,,
1083,,,,,,,,,,
1084,,,,,,,,,,
1085,,,,,,,,,,
1086,,,,,,,,,,
1087,,,,,,,,,,
1088,,,,,,,,,,
1089,,,,,,,,,,
1090,,,,,,,,,,
1091,,,,,,,,,,
1092,,,,,,,,,,
1093,,,,,,,,,,
1094,,,,,,,,,,
1095,,,,,,,,,,
1096,,,,,,,,,,
1097,,,,,,,,,,
1098,,,,,,,,,,
1099,,,,,,,,,,
1100,,,,,,,,,,
1101,,,,,,,,,,
1102,,,,,,,,,,
1103,,,,,,,,,,
1104,,,,,,,,,,
1105,,,,,,,,,,
1106,,,,,,,,,,
1107,,,,,,,,,,
1108,,,,,,,,,,
1109,,,,,,,,,,
1110,,,,,,,,,,
1111,,,,,,,,,,
1112,,,,,,,,,,
1113,,,,,,,,,,
1114,,,,,,,,,,
1115,,,,,,,,,,
1116,,,,,,,,,,
1117,,,,,,,,,,
1118,,,,,,,,,,
1119,,,,,,,,,,
1120,,,,,,,,,,
1121,,,,,,,,,,
1122,,,,,,,,,,
1123,,,,,,,,,,
1124,,,,,,,,,,
1125,,,,,,,,,,
1126,,,,,,,,,,
1127,,,,,,,,,,
1128,,,,,,,,,,
1129,,,,,,,,,,
1130,,,,,,,,,,
1131,,,,,,,,,,
1132,,,,,,,,,,
1133,,,,,,,,,,
1134,,,,,,,,,,
1135,,,,,,,,,,
1136,,,,,,,,,,
1137,,,,,,,,,,
1138,,,,,,,,,,
1139,,,,,,,,,,
1140,,,,,,,,,,
1141,,,,,,,,,,
1142,,,,,,,,,,
1143,,,,,,,,,,
1144,,,,,,,,,,
1145,,,,,,,,,,
1146,,,,,,,,,,
1147,,,,,,,,,,
1148,,,,,,,,,,
1149,,,,,,,,,,
1150,,,,,,,,,,
1151,,,,,,,,,,
1152,,,,,,,,,,
1153,,,,,,,,,,
1154,,,,,,,,,,
1155,,,,,,,,,,
1156,,,,,,,,,,
1157,,,,,,,,,,
1158,,,,,,,,,,
1159,,,,,,,,,,
1160,,,,,,,,,,
1161,,,,,,,,,,
1162,,,,,,,,,,
1163,,,,,,,,,,
1164,,,,,,,,,,
1165,,,,,,,,,,
1166,,,,,,,,,,
1167,,,,,,,,,,
1168,,,,,,,,,,
1169,,,,,,,,,,
1170,,,,,,,,,,
1171,,,,,,,,,,
1172,,,,,,,,,,
1173,,,,,,,,,,
1174,,,,,,,,,,
1175,,,,,,,,,,
1176,,,,,,,,,,
1177,,,,,,,,,,
1178,,,,,,,,,,
1179,,,,,,,,,,
1180,,,,,,,,,,
1181,,,,,,,,,,
1182,,,,,,,,,,
1183,,,,,,,,,,
1184,,,,,,,,,,
1185,,,,,,,,,,
1186,,,,,,,,,,
1187,,,,,,,,,,
1188,,,,,,,,,,
1189,,,,,,,,,,
1190,,,,,,,,,,
1191,,,,,,,,,,
1192,,,,,,,,,,
1193,,,,,,,,,,
1194,,,,,,,,,,
1195,,,,,,,,,,
1196,,,,,,,,,,
1197,,,,,,,,,,
1198,,,,,,,,,,
1199,,,,,,,,,,
1200,,,,,,,,,,
1201,,,,,,,,,,
1202,,,,,,,,,,
1203,,,,,,,,,,
1204,,,,,,,,,,
1205,,,,,,,,,,
1206,,,,,,,,,,
1207,,,,,,,,,,
1208,,,,,,,,,,
1209,,,,,,,,,,
1210,,,,,,,,,,
1211,,,,,,,,,,
1212,,,,,,,,,,
1213,,,,,,,,,,
1214,,,,,,,,,,
1215,,,,,,,,,,
1216,,,,,,,,,,
1217,,,,,,,,,,
1218,,,,,,,,,,
1219,,,,,,,,,,
1220,,,,,,,,,,
1221,,,,,,,,,,
1222,,,,,,,,,,
1223,,,,,,,,,,
1224,,,,,,,,,,
1225,,,,,,,,,,
1226,,,,,,,,,,
1227,,,,,,,,,,
1228,,,,,,,,,,
1229,,,,,,,,,,
1230,,,,,,,,,,
1231,,,,,,,,,,
1232,,,,,,,,,,
1233,,,,,,,,,,
1234,,,,,,,,,,
1235,,,,,,,,,,
1236,,,,,,,,,,
1237,,,,,,,,,,
1238,,,,,,,,,,
1239,,,,,,,,,,
1240,,,,,,,,,,
1241,,,,,,,,,,
1242,,,,,,,,,,
1243,,,,,,,,,,
1244,,,,,,,,,,
1245,,,,,,,,,,
1246,,,,,,,,,,
1247,,,,,,,,,,
1248,,,,,,,,,,
1249,,,,,,,,,,
1250,Construction,,BALES,,,,,,,
1251,Construction,,TIRES,,,,,,,
1252,Construction,,BARRELS,,,,,,,
1253,Construction,,ROCKS,,,,,,,
1254,Construction,,POLES,,,,,,,
1255,Construction,,BUSHES,,,,,,,
1256,Construction,,TREES,,,,,,,
1257,Construction,,PATHS,,,,,,,
1258,Construction,,PUDDLES,,,,,,,
1259,Construction,,SPECTATORS,,,,,,,
1260,Construction,,MARSHALLS,,,,,,,
1261,Construction,,HOUSES,,,,,,,
1262,Construction,,BANNERS,,,,,,,
1263,Construction,,BARRIERS,,,,,,,
1264,Construction,,ISLANDS,,,,,,,
1265,Construction,,WALKWAYS,,,,,,,
1266,Construction,,SIGNS,,,,,,,
1267,Construction,,LOGS,,,,,,,
1268,Construction,,CARS,,,,,,,
1269,Construction,,SNOW_BANKS,,,,,,,
1270,Construction,,STUMPS,,,,,,,
1271,Construction,,NETTINGS,,,,,,,
1272,Construction,,TAPES,,,,,,,
1273,Construction,,WALLS,,,,,,,
1274,Construction,,FENCES,,,,,,,
1275,Construction,,CONES,,,,,,,
1276,,,,,,,,,,
1277,,,,,,,,,,
1278,,,,,,,,,,
1279,,,,,,,,,,
1280,,,,,,,,,,
1281,,,,,,,,,,
1282,,,,,,,,,,
1283,,,,,,,,,,
1284,,,,,,,,,,
1285,,,,,,,,,,
1286,,,,,,,,,,
1287,,,,,,,,,,
1288,,,,,,,,,,
1289,,,,,,,,,,
1290,,,,,,,,,,
1291,,,,,,,,,,
1292,,,,,,,,,,
1293,,,,,,,,,,
1294,,,,,,,,,,
1295,,,,,,,,,,
1296,,,,,,,,,,
1297,,,,,,,,,,
1298,,,,,,,,,,
1299,,,,,,,,,,
1300,Surface,,GRIPPY_MIDDLE,,,,,,,
1301,Surface,,GRIPPY_INSIDE,,,,,,,
1302,Surface,,GRIPPY_OUTSIDE,,,,,,,
1303,Surface,,GRIPPY_BRAKING,,,,,,,
1304,Surface,,GRIPPY_ENTRY,,,,,,,
1305,Surface,,GRIPPY_EXIT,,,,,,,
1306,Surface,,GRIPPY_MAYBE,,,,,,,
1307,Surface,,GRIPPY_VERY,,,,,,,
1308,,,,,,,,,,
1309,,,,,,,,,,
1310,Surface,,DIRTY_MIDDLE,,,,,,,
1311,Surface,,DIRTY_INSIDE,,,,,,,
1312,Surface,,DIRTY_OUTSIDE,,,,,,,
1313,Surface,,DIRTY_BRAKING,,,,,,,
1314,Surface,,DIRTY_ENTRY,,,,,,,
1315,Surface,,DIRTY_EXIT,,,,,,,
1316,Surface,,DIRTY_MAYBE,,,,,,,
1317,Surface,,DIRTY_VERY,,,,,,,
1318,,,,,,,,,,
1319,,,,,,,,,,
1320,Surface,,MUDDY_MIDDLE,,,,,,,
1321,Surface,,MUDDY_INSIDE,,,,,,,
1322,Surface,,MUDDY_OUTSIDE,,,,,,,
1323,Surface,,MUDDY_BRAKING,,,,,,,
1324,Surface,,MUDDY_ENTRY,,,,,,,
1325,Surface,,MUDDY_EXIT,,,,,,,
1326,Surface,,MUDDY_MAYBE,,,,,,,
1327,Surface,,MUDDY_VERY,,,,,,,
1328,,,,,,,,,,
1329,,,,,,,,,,
1330,Surface,,SLIPPY_MIDDLE,,,,,,,
1331,Surface,,SLIPPY_OUTSIDE,,,,,,,
1332,Surface,,SLIPPY_INSIDE,,,,,,,
1333,Surface,,SLIPPY_BRAKING,,,,,,,
1334,Surface,,SLIPPY_ENTRY,,,,,,,
1335,Surface,,SLIPPY_EXIT,,,,,,,
1336,Surface,,SLIPPY_MAYBE,,,,,,,
1337,Surface,,SLIPPY_VERY,,,,,,,
1338,,,,,,,,,,
1339,,,,,,,,,,
1340,Surface,,BUMPY_MIDDLE,,,,,,,
1341,Surface,,BUMPY_INSIDE,,,,,,,
1342,Surface,,BUMPY_OUTSIDE,,,,,,,
1343,Surface,,BUMPY_BRAKING,,,,,,,
1344,Surface,,BUMPY_ENTRY,,,,,,,
1345,Surface,,BUMPY_EXIT,,,,,,,
1346,Surface,,BUMPY_MAYBE,,,,,,,
1347,Surface,,BUMPY_VERY,,,,,,,
1348,,,,,,,,,,
1349,,,,,,,,,,
1350,Surface,,ROUGH_MIDDLE,,,,,,,
1351,Surface,,ROUGH_INSIDE,,,,,,,
1352,Surface,,ROUGH_OUTSIDE,,,,,,,
1353,Surface,,ROUGH_BRAKING,,,,,,,
1354,Surface,,ROUGH_ENTRY,,,,,,,
1355,Surface,,ROUGH_EXIT,,,,,,,
1356,Surface,,ROUGH_MAYBE,,,,,,,
1357,Surface,,ROUGH_VERY,,,,,,,
1358,,,,,,,,,,
1359,,,,,,,,,,
1360,Surface,,SMOOTH_MIDDLE,,,,,,,
1361,Surface,,SMOOTH_INSIDE,,,,,,,
1362,Surface,,SMOOTH_OUTSIDE,,,,,,,
1363,Surface,,SMOOTH_BRAKING,,,,,,,
1364,Surface,,SMOOTH_ENTRY,,,,,,,
1365,Surface,,SMOOTH_EXIT,,,,,,,
1366,Surface,,SMOOTH_MAYBE,,,,,,,
1367,Surface,,SMOOTH_VERY,,,,,,,
1368,,,,,,,,,,
1369,,,,,,,,,,
1370,,,,,,,,,,
1371,,,,,,,,,,
1372,,,,,,,,,,
1373,,,,,,,,,,
1374,,,,,,,,,,
1375,,,,,,,,,,
1376,,,,,,,,,,
1377,,,,,,,,,,
1378,,,,,,,,,,
1379,,,,,,,,,,
1380,,,,,,,,,,
1381,,,,,,,,,,
1382,,,,,,,,,,
1383,,,,,,,,,,
1384,,,,,,,,,,
1385,,,,,,,,,,
1386,,,,,,,,,,
1387,,,,,,,,,,
1388,,,,,,,,,,
1389,,,,,,,,,,
1390,,,,,,,,,,
1391,,,,,,,,,,
1392,,,,,,,,,,
1393,,,,,,,,,,
1394,,,,,,,,,,
1395,,,,,,,,,,
1396,,,,,,,,,,
1397,,,,,,,,,,
1398,,,,,,,,,,
1399,,,,,,,,,,
1400,Surface,,GRIT_LOOSE,,,,,,,
1401,Surface,,GRAVEL_LOOSE,,,,,,,
1402,Surface,,DIRT_LOOSE,,,,,,,
1403,Surface,,TARMAC_LOOSE,,,,,,,
1404,Surface,,CONCRETE_LOOSE,,,,,,,
1405,Surface,,RUBBLE_LOOSE,,,,,,,
1406,Surface,,SNOW_LOOSE,,,,,,,
1407,Surface,,ICE_LOOSE,,,,,,,
1408,Surface,,BLACK_ICE_LOOSE,,,,,,,
1409,Surface,,MUD_LOOSE,,,,,,,
1410,Surface,,COBBLES_LOOSE,,,,,,,
1411,,,,,,,,,,
1412,,,,,,,,,,
1413,,,,,,,,,,
1414,,,,,,,,,,
1415,,,,,,,,,,
1416,,,,,,,,,,
1417,,,,,,,,,,
1418,,,,,,,,,,
1419,,,,,,,,,,
1420,Surface,,GRIT_FIRM,,,,,,,
1421,Surface,,GRAVEL_FIRM,,,,,,,
1422,Surface,,DIRT_FIRM,,,,,,,
1423,Surface,,TARMAC_FIRM,,,,,,,
1424,Surface,,CONCRETE_FIRM,,,,,,,
1425,Surface,,RUBBLE_FIRM,,,,,,,
1426,Surface,,SNOW_FIRM,,,,,,,
1427,Surface,,ICE_FIRM,,,,,,,
1428,Surface,,BLACK_ICE_FIRM,,,,,,,
1429,Surface,,MUD_FIRM,,,,,,,
1430,Surface,,COBBLES_FIRM,,,,,,,
1431,,,,,,,,,,
1432,,,,,,,,,,
1433,,,,,,,,,,
1434,,,,,,,,,,
1435,,,,,,,,,,
1436,,,,,,,,,,
1437,,,,,,,,,,
1438,,,,,,,,,,
1439,,,,,,,,,,
1440,Surface,,GRIT_SLIPPY,,,,,,,
1441,Surface,,GRAVEL_SLIPPY,,,,,,,
1442,Surface,,DIRT_SLIPPY,,,,,,,
1443,Surface,,TARMAC_SLIPPY,,,,,,,
1444,Surface,,CONCRETE_SLIPPY,,,,,,,
1445,Surface,,RUBBLE_SLIPPY,,,,,,,
1446,Surface,,SNOW_SLIPPY,,,,,,,
1447,Surface,,ICE_SLIPPY,,,,,,,
1448,Surface,,BLACK_ICE_SLIPPY,,,,,,,
1449,Surface,,MUD_SLIPPY,,,,,,,
1450,Surface,,COBBLES_SLIPPY,,,,,,,
1451,,,,,,,,,,
1452,,,,,,,,,,
1453,,,,,,,,,,
1454,,,,,,,,,,
1455,,,,,,,,,,
1456,,,,,,,,,,
1457,,,,,,,,,,
1458,,,,,,,,,,
1459,,,,,,,,,,
1460,Surface,,GRIT_GRIPPY,,,,,,,
1461,Surface,,GRAVEL_GRIPPY,,,,,,,
1462,Surface,,DIRT_GRIPPY,,,,,,,
1463,Surface,,TARMAC_GRIPPY,,,,,,,
1464,Surface,,CONCRETE_GRIPPY,,,,,,,
1465,Surface,,RUBBLE_GRIPPY,,,,,,,
1466,Surface,,SNOW_GRIPPY,,,,,,,
1467,Surface,,ICE_GRIPPY,,,,,,,
1468,Surface,,BLACK_ICE_GRIPPY,,,,,,,
1469,Surface,,MUD_GRIPPY,,,,,,,
1470,Surface,,COBBLES_GRIPPY,,,,,,,
1471,,,,,,,,,,
1472,,,,,,,,,,
1473,,,,,,,,,,
1474,,,,,,,,,,
1475,,,,,,,,,,
1476,,,,,,,,,,
1477,,,,,,,,,,
1478,,,,,,,,,,
1479,,,,,,,,,,
1480,Surface,,GRIT_ROUGH,,,,,,,
1481,Surface,,GRAVEL_ROUGH,,,,,,,
1482,Surface,,DIRT_ROUGH,,,,,,,
1483,Surface,,TARMAC_ROUGH,,,,,,,
1484,Surface,,CONCRETE_ROUGH,,,,,,,
1485,Surface,,RUBBLE_ROUGH,,,,,,,
1486,Surface,,SNOW_ROUGH,,,,,,,
1487,Surface,,ICE_ROUGH,,,,,,,
1488,Surface,,BLACK_ICE_ROUGH,,,,,,,
1489,Surface,,MUD_ROUGH,,,,,,,
1490,Surface,,COBBLES_ROUGH,,,,,,,
1491,,,,,,,,,,
1492,,,,,,,,,,
1493,,,,,,,,,,
1494,,,,,,,,,,
1495,,,,,,,,,,
1496,,,,,,,,,,
1497,,,,,,,,,,
1498,,,,,,,,,,
1499,,,,,,,,,,
1500,Surface,,GRIT_SMOOTH,,,,,,,
1501,Surface,,GRAVEL_SMOOTH,,,,,,,
1502,Surface,,DIRT_SMOOTH,,,,,,,
1503,Surface,,TARMAC_SMOOTH,,,,,,,
1504,Surface,,CONCRETE_SMOOTH,,,,,,,
1505,Surface,,RUBBLE_SMOOTH,,,,,,,
1506,Surface,,SNOW_SMOOTH,,,,,,,
1507,Surface,,ICE_SMOOTH,,,,,,,
1508,Surface,,BLACK_ICE_SMOOTH,,,,,,,
1509,Surface,,MUD_SMOOTH,,,,,,,
1510,Surface,,COBBLES_SMOOTH,,,,,,,
1511,,,,,,,,,,
1512,,,,,,,,,,
1513,,,,,,,,,,
1514,,,,,,,,,,
1515,,,,,,,,,,
1516,,,,,,,,,,
1517,,,,,,,,,,
1518,,,,,,,,,,
1519,,,,,,,,,,
1520,Surface,,GRIT_DAMP,,,,,,,
1521,Surface,,GRAVEL_DAMP,,,,,,,
1522,Surface,,DIRT_DAMP,,,,,,,
1523,Surface,,TARMAC_DAMP,,,,,,,
1524,Surface,,CONCRETE_DAMP,,,,,,,
1525,Surface,,RUBBLE_DAMP,,,,,,,
1526,Surface,,SNOW_DAMP,,,,,,,
1527,Surface,,ICE_DAMP,,,,,,,
1528,Surface,,BLACK_ICE_DAMP,,,,,,,
1529,Surface,,MUD_DAMP,,,,,,,
1530,Surface,,COBBLES_DAMP,,,,,,,
1531,,,,,,,,,,
1532,,,,,,,,,,
1533,,,,,,,,,,
1534,,,,,,,,,,
1535,,,,,,,,,,
1536,,,,,,,,,,
1537,,,,,,,,,,
1538,,,,,,,,,,
1539,,,,,,,,,,
1540,Surface,,GRIT_WET,,,,,,,
1541,Surface,,GRAVEL_WET,,,,,,,
1542,Surface,,DIRT_WET,,,,,,,
1543,Surface,,TARMAC_WET,,,,,,,
1544,Surface,,CONCRETE_WET,,,,,,,
1545,Surface,,RUBBLE_WET,,,,,,,
1546,Surface,,SNOW_WET,,,,,,,
1547,Surface,,ICE_WET,,,,,,,
1548,Surface,,BLACK_ICE_WET,,,,,,,
1549,Surface,,MUD_WET,,,,,,,
1550,Surface,,COBBLES_WET,,,,,,,
1551,,,,,,,,,,
1552,,,,,,,,,,
1553,,,,,,,,,,
1554,,,,,,,,,,
1555,,,,,,,,,,
1556,,,,,,,,,,
1557,,,,,,,,,,
1558,,,,,,,,,,
1559,,,,,,,,,,
1560,Surface,,GRIT_DRY,,,,,,,
1561,Surface,,GRAVEL_DRY,,,,,,,
1562,Surface,,DIRT_DRY,,,,,,,
1563,Surface,,TARMAC_DRY,,,,,,,
1564,Surface,,CONCRETE_DRY,,,,,,,
1565,Surface,,RUBBLE_DRY,,,,,,,
1566,Surface,,SNOW_DRY,,,,,,,
1567,Surface,,ICE_DRY,,,,,,,
1568,Surface,,BLACK_ICE_DRY,,,,,,,
1569,Surface,,MUD_DRY,,,,,,,
1570,Surface,,COBBLES_DRY,,,,,,,
1571,,,,,,,,,,
1572,,,,,,,,,,
1573,,,,,,,,,,
1574,,,,,,,,,,
1575,,,,,,,,,,
1576,,,,,,,,,,
1577,,,,,,,,,,
1578,,,,,,,,,,
1579,,,,,,,,,,
1580,,,,,,,,,,
1581,,,,,,,,,,
1582,,,,,,,,,,
1583,,,,,,,,,,
1584,,,,,,,,,,
1585,,,,,,,,,,
1586,,,,,,,,,,
1587,,,,,,,,,,
1588,,,,,,,,,,
1589,,,,,,,,,,
1590,,,,,,,,,,
1591,,,,,,,,,,
1592,,,,,,,,,,
1593,,,,,,,,,,
1594,,,,,,,,,,
1595,,,,,,,,,,
1596,,,,,,,,,,
1597,,,,,,,,,,
1598,,,,,,,,,,
1599,,,,,,,,,,
1600,,,,,,,,,,
1601,,,,,,,,,,
1602,,,,,,,,,,
1603,,,,,,,,,,
1604,,,,,,,,,,
1605,,,,,,,,,,
1606,,,,,,,,,,
1607,,,,,,,,,,
1608,,,,,,,,,,
1609,,,,,,,,,,
1610,,,,,,,,,,
1611,,,,,,,,,,
1612,,,,,,,,,,
1613,,,,,,,,,,
1614,,,,,,,,,,
1615,,,,,,,,,,
1616,,,,,,,,,,
1617,,,,,,,,,,
1618,,,,,,,,,,
1619,,,,,,,,,,
1620,,,,,,,,,,
1621,,,,,,,,,,
1622,,,,,,,,,,
1623,,,,,,,,,,
1624,,,,,,,,,,
1625,,,,,,,,,,
1626,,,,,,,,,,
1627,,,,,,,,,,
1628,,,,,,,,,,
1629,,,,,,,,,,
1630,,,,,,,,,,
1631,,,,,,,,,,
1632,,,,,,,,,,
1633,,,,,,,,,,
1634,,,,,,,,,,
1635,,,,,,,,,,
1636,,,,,,,,,,
1637,,,,,,,,,,
1638,,,,,,,,,,
1639,,,,,,,,,,
1640,,,,,,,,,,
1641,,,,,,,,,,
1642,,,,,,,,,,
1643,,,,,,,,,,
1644,,,,,,,,,,
1645,,,,,,,,,,
1646,,,,,,,,,,
1647,,,,,,,,,,
1648,,,,,,,,,,
1649,,,,,,,,,,
1650,,,,,,,,,,
1651,,,,,,,,,,
1652,,,,,,,,,,
1653,,,,,,,,,,
1654,,,,,,,,,,
1655,,,,,,,,,,
1656,,,,,,,,,,
1657,,,,,,,,,,
1658,,,,,,,,,,
1659,,,,,,,,,,
1660,,,,,,,,,,
1661,,,,,,,,,,
1662,,,,,,,,,,
1663,,,,,,,,,,
1664,,,,,,,,,,
1665,,,,,,,,,,
1666,,,,,,,,,,
1667,,,,,,,,,,
1668,,,,,,,,,,
1669,,,,,,,,,,
1670,,,,,,,,,,
1671,,,,,,,,,,
1672,,,,,,,,,,
1673,,,,,,,,,,
1674,,,,,,,,,,
1675,,,,,,,,,,
1676,,,,,,,,,,
1677,,,,,,,,,,
1678,,,,,,,,,,
1679,,,,,,,,,,
1680,,,,,,,,,,
1681,,,,,,,,,,
1682,,,,,,,,,,
1683,,,,,,,,,,
1684,,,,,,,,,,
1685,,,,,,,,,,
1686,,,,,,,,,,
1687,,,,,,,,,,
1688,,,,,,,,,,
1689,,,,,,,,,,
1690,,,,,,,,,,
1691,,,,,,,,,,
1692,,,,,,,,,,
1693,,,,,,,,,,
1694,,,,,,,,,,
1695,,,,,,,,,,
1696,,,,,,,,,,
1697,,,,,,,,,,
1698,,,,,,,,,,
1699,,,,,,,,,,
1700,,,,,,,,,,
1701,,,,,,,,,,
1702,,,,,,,,,,
1703,,,,,,,,,,
1704,,,,,,,,,,
1705,,,,,,,,,,
1706,,,,,,,,,,
1707,,,,,,,,,,
1708,,,,,,,,,,
1709,,,,,,,,,,
1710,,,,,,,,,,
1711,,,,,,,,,,
1712,,,,,,,,,,
1713,,,,,,,,,,
1714,,,,,,,,,,
1715,,,,,,,,,,
1716,,,,,,,,,,
1717,,,,,,,,,,
1718,,,,,,,,,,
1719,,,,,,,,,,
1720,,,,,,,,,,
1721,,,,,,,,,,
1722,,,,,,,,,,
1723,,,,,,,,,,
1724,,,,,,,,,,
1725,,,,,,,,,,
1726,,,,,,,,,,
1727,,,,,,,,,,
1728,,,,,,,,,,
1729,,,,,,,,,,
1730,,,,,,,,,,
1731,,,,,,,,,,
1732,,,,,,,,,,
1733,,,,,,,,,,
1734,,,,,,,,,,
1735,,,,,,,,,,
1736,,,,,,,,,,
1737,,,,,,,,,,
1738,,,,,,,,,,
1739,,,,,,,,,,
1740,,,,,,,,,,
1741,,,,,,,,,,
1742,,,,,,,,,,
1743,,,,,,,,,,
1744,,,,,,,,,,
1745,,,,,,,,,,
1746,,,,,,,,,,
1747,,,,,,,,,,
1748,,,,,,,,,,
1749,,,,,,,,,,
1750,,,,,,,,,,
1751,,,,,,,,,,
1752,,,,,,,,,,
1753,,,,,,,,,,
1754,,,,,,,,,,
1755,,,,,,,,,,
1756,,,,,,,,,,
1757,,,,,,,,,,
1758,,,,,,,,,,
1759,,,,,,,,,,
1760,,,,,,,,,,
1761,,,,,,,,,,
1762,,,,,,,,,,
1763,,,,,,,,,,
1764,,,,,,,,,,
1765,,,,,,,,,,
1766,,,,,,,,,,
1767,,,,,,,,,,
1768,,,,,,,,,,
1769,,,,,,,,,,
1770,,,,,,,,,,
1771,,,,,,,,,,
1772,,,,,,,,,,
1773,,,,,,,,,,
1774,,,,,,,,,,
1775,,,,,,,,,,
1776,,,,,,,,,,
1777,,,,,,,,,,
1778,,,,,,,,,,
1779,,,,,,,,,,
1780,,,,,,,,,,
1781,,,,,,,,,,
1782,,,,,,,,,,
1783,,,,,,,,,,
1784,,,,,,,,,,
1785,,,,,,,,,,
1786,,,,,,,,,,
1787,,,,,,,,,,
1788,,,,,,,,,,
1789,,,,,,,,,,
1790,,,,,,,,,,
1791,,,,,,,,,,
1792,,,,,,,,,,
1793,,,,,,,,,,
1794,,,,,,,,,,
1795,,,,,,,,,,
1796,,,,,,,,,,
1797,,,,,,,,,,
1798,,,,,,,,,,
1799,,,,,,,,,,
1800,,,,,,,,,,
1801,,,,,,,,,,
1802,,,,,,,,,,
1803,,,,,,,,,,
1804,,,,,,,,,,
1805,,,,,,,,,,
1806,,,,,,,,,,
1807,,,,,,,,,,
1808,,,,,,,,,,
1809,,,,,,,,,,
1810,,,,,,,,,,
1811,,,,,,,,,,
1812,,,,,,,,,,
1813,,,,,,,,,,
1814,,,,,,,,,,
1815,,,,,,,,,,
1816,,,,,,,,,,
1817,,,,,,,,,,
1818,,,,,,,,,,
1819,,,,,,,,,,
1820,,,,,,,,,,
1821,,,,,,,,,,
1822,,,,,,,,,,
1823,,,,,,,,,,
1824,,,,,,,,,,
1825,,,,,,,,,,
1826,,,,,,,,,,
1827,,,,,,,,,,
1828,,,,,,,,,,
1829,,,,,,,,,,
1830,,,,,,,,,,
1831,,,,,,,,,,
1832,,,,,,,,,,
1833,,,,,,,,,,
1834,,,,,,,,,,
1835,,,,,,,,,,
1836,,,,,,,,,,
1837,,,,,,,,,,
1838,,,,,,,,,,
1839,,,,,,,,,,
1840,,,,,,,,,,
1841,,,,,,,,,,
1842,,,,,,,,,,
1843,,,,,,,,,,
1844,,,,,,,,,,
1845,,,,,,,,,,
1846,,,,,,,,,,
1847,,,,,,,,,,
1848,,,,,,,,,,
1849,,,,,,,,,,
1850,,,,,,,,,,
1851,,,,,,,,,,
1852,,,,,,,,,,
1853,,,,,,,,,,
1854,,,,,,,,,,
1855,,,,,,,,,,
1856,,,,,,,,,,
1857,,,,,,,,,,
1858,,,,,,,,,,
1859,,,,,,,,,,
1860,,,,,,,,,,
1861,,,,,,,,,,
1862,,,,,,,,,,
1863,,,,,,,,,,
1864,,,,,,,,,,
1865,,,,,,,,,,
1866,,,,,,,,,,
1867,,,,,,,,,,
1868,,,,,,,,,,
1869,,,,,,,,,,
1870,,,,,,,,,,
1871,,,,,,,,,,
1872,,,,,,,,,,
1873,,,,,,,,,,
1874,,,,,,,,,,
1875,,,,,,,,,,
1876,,,,,,,,,,
1877,,,,,,,,,,
1878,,,,,,,,,,
1879,,,,,,,,,,
1880,,,,,,,,,,
1881,,,,,,,,,,
1882,,,,,,,,,,
1883,,,,,,,,,,
1884,,,,,,,,,,
1885,,,,,,,,,,
1886,,,,,,,,,,
1887,,,,,,,,,,
1888,,,,,,,,,,
1889,,,,,,,,,,
1890,,,,,,,,,,
1891,,,,,,,,,,
1892,,,,,,,,,,
1893,,,,,,,,,,
1894,,,,,,,,,,
1895,,,,,,,,,,
1896,,,,,,,,,,
1897,,,,,,,,,,
1898,,,,,,,,,,
1899,,,,,,,,,,
1900,Number,,No1,,,,,,,
1901,Number,,No2,,,,,,,
1902,Number,,No3,,,,,,,
1903,Number,,No4,,,,,,,
1904,Number,,No5,,,,,,,
1905,Number,,No6,,,,,,,
1906,Number,,No7,,,,,,,
1907,Number,,No8,,,,,,,
1908,Number,,No9,,,,,,,
1909,Number,,No10,,,,,,,
1910,Number,,No20,,,,,,,
1911,Number,,No30,,,,,,,
1912,Number,,No40,,,,,,,
1913,Number,,No50,,,,,,,
1914,Number,,No60,,,,,,,
1915,Number,,No70,,,,,,,
1916,Number,,No80,,,,,,,
1917,Number,,No90,,,,,,,
1918,Number,,No100,,,,,,,
1919,Number,,No120,,,,,,,
1920,Number,,No140,,,,,,,
1921,Number,,No150,,,,,,,
1922,Number,,No160,,,,,,,
1923,Number,,No180,,,,,,,
1924,Number,,No200,,,,,,,
1925,Number,,No250,,,,,,,
1926,Number,,No300,,,,,,,
1927,Number,,No350,,,,,,,
1928,Number,,No400,,,,,,,
1929,Number,,No450,,,,,,,
1930,Number,,No500,,,,,,,
1931,Number,,No600,,,,,,,
1932,Number,,No700,,,,,,,
1933,Number,,No800,,,,,,,
1934,Number,,No900,,,,,,,
1935,Number,,No1000,,,,,,,
1936,,,,,,,,,,
1937,,,,,,,,,,
1938,,,,,,,,,,
1939,,,,,,,,,,
1940,,,,,,,,,,
1941,,,,,,,,,,
1942,,,,,,,,,,
1943,,,,,,,,,,
1944,,,,,,,,,,
1945,,,,,,,,,,
1946,,,,,,,,,,
1947,,,,,,,,,,
1948,,,,,,,,,,
1949,,,,,,,,,,
1950,,,,,,,,,,
1951,,,,,,,,,,
1952,,,,,,,,,,
1953,,,,,,,,,,
1954,,,,,,,,,,
1955,,,,,,,,,,
1956,,,,,,,,,,
1957,,,,,,,,,,
1958,,,,,,,,,,
1959,,,,,,,,,,
1960,,,,,,,,,,
1961,,,,,,,,,,
1962,,,,,,,,,,
1963,,,,,,,,,,
1964,,,,,,,,,,
1965,,,,,,,,,,
1966,,,,,,,,,,
1967,,,,,,,,,,
1968,,,,,,,,,,
1969,,,,,,,,,,
1970,,,,,,,,,,
1971,,,,,,,,,,
1972,,,,,,,,,,
1973,,,,,,,,,,
1974,,,,,,,,,,
1975,,,,,,,,,,
1976,,,,,,,,,,
1977,,,,,,,,,,
1978,,,,,,,,,,
1979,,,,,,,,,,
1980,,,,,,,,,,
1981,,,,,,,,,,
1982,,,,,,,,,,
1983,,,,,,,,,,
1984,,,,,,,,,,
1985,,,,,,,,,,
1986,,,,,,,,,,
1987,,,,,,,,,,
1988,,,,,,,,,,
1989,,,,,,,,,,
1990,,,,,,,,,,
1991,,,,,,,,,,
1992,,,,,,,,,,
1993,,,,,,,,,,
1994,,,,,,,,,,
1995,,,,,,,,,,
1996,,,,,,,,,,
1997,,,,,,,,,,
1998,,,,,,,,,,
1999,,,,,,,,,,
2000,,,,,,,,,,START OF PREPOSITIONS
2001,,,,,,,,,,
2002,,,,,,,,,,
2003,,,,,,,,,,
2004,,,,,,,,,,
2005,,,,,,,,,,
2006,,,,,,,,,,
2007,,,,,,,,,,
2008,,,,,,,,,,
2009,,,,,,,,,,
2010,,,,,,,,,,
2011,,,,,,,,,,
2012,,,,,,,,,,
2013,,,,,,,,,,
2014,,,,,,,,,,
2015,,,,,,,,,,
2016,,,,,,,,,,
2017,,,,,,,,,,
2018,,,,,,,,,,
2019,,,,,,,,,,
2020,,,,,,,,,,
2021,,,,,,,,,,
2022,,,,,,,,,,
2023,,,,,,,,,,
2024,,,,,,,,,,
2025,,,,,,,,,,
2026,,,,,,,,,,
2027,,,,,,,,,,
2028,,,,,,,,,,
2029,,,,,,,,,,
2030,,,,,,,,,,
2031,,,,,,,,,,
2032,,,,,,,,,,
2033,,,,,,,,,,
2034,,,,,,,,,,
2035,,,,,,,,,,
2036,,,,,,,,,,
2037,,,,,,,,,,
2038,,,,,,,,,,
2039,,,,,,,,,,
2040,,,,,,,,,,
2041,,,,,,,,,,
2042,,,,,,,,,,
2043,,,,,,,,,,
2044,,,,,,,,,,
2045,,,,,,,,,,
2046,,,,,,,,,,
2047,,,,,,,,,,
2048,,,,,,,,,,
2049,,,,,,,,,,
2050,,,,,,,,,,
2051,,,,,,,,,,
2052,,,,,,,,,,
2053,,,,,,,,,,
2054,,,,,,,,,,
2055,,,,,,,,,,
2056,,,,,,,,,,
2057,,,,,,,,,,
2058,,,,,,,,,,
2059,,,,,,,,,,
2060,,,,,,,,,,
2061,,,,,,,,,,
2062,,,,,,,,,,
2063,,,,,,,,,,
2064,,,,,,,,,,
2065,,,,,,,,,,
2066,,,,,,,,,,
2067,,,,,,,,,,
2068,,,,,,,,,,
2069,,,,,,,,,,
2070,,,,,,,,,,
2071,,,,,,,,,,
2072,,,,,,,,,,
2073,,,,,,,,,,
2074,,,,,,,,,,
2075,,,,,,,,,,
2076,,,,,,,,,,
2077,,,,,,,,,,
2078,,,,,,,,,,
2079,,,,,,,,,,
2080,,,,,,,,,,
2081,,,,,,,,,,
2082,,,,,,,,,,
2083,,,,,,,,,,
2084,,,,,,,,,,
2085,,,,,,,,,,
2086,,,,,,,,,,
2087,,,,,,,,,,
2088,,,,,,,,,,
2089,,,,,,,,,,
2090,,,,,,,,,,
2091,,,,,,,,,,
2092,,,,,,,,,,
2093,,,,,,,,,,
2094,,,,,,,,,,
2095,,,,,,,,,,
2096,,,,,,,,,,
2097,,,,,,,,,,
2098,,,,,,,,,,
2099,,,,,,,,,,
2100,,,,,,,,,,
2101,,,,,,,,,,
2102,,,,,,,,,,
2103,,,,,,,,,,
2104,,,,,,,,,,
2105,,,,,,,,,,
2106,,,,,,,,,,
2107,,,,,,,,,,
2108,,,,,,,,,,
2109,,,,,,,,,,
2110,,,,,,,,,,
2111,,,,,,,,,,
2112,,,,,,,,,,
2113,,,,,,,,,,
2114,,,,,,,,,,
2115,,,,,,,,,,
2116,,,,,,,,,,
2117,,,,,,,,,,
2118,,,,,,,,,,
2119,,,,,,,,,,
2120,,,,,,,,,,
2121,,,,,,,,,,
2122,,,,,,,,,,
2123,,,,,,,,,,
2124,,,,,,,,,,
2125,,,,,,,,,,
2126,,,,,,,,,,
2127,,,,,,,,,,
2128,,,,,,,,,,
2129,,,,,,,,,,
2130,,,,,,,,,,
2131,,,,,,,,,,
2132,,,,,,,,,,
2133,,,,,,,,,,
2134,,,,,,,,,,
2135,,,,,,,,,,
2136,,,,,,,,,,
2137,,,,,,,,,,
2138,,,,,,,,,,
2139,,,,,,,,,,
2140,,,,,,,,,,
2141,,,,,,,,,,
2142,,,,,,,,,,
2143,,,,,,,,,,
2144,,,,,,,,,,
2145,,,,,,,,,,
2146,,,,,,,,,,
2147,,,,,,,,,,
2148,,,,,,,,,,
2149,,,,,,,,,,
2150,,,,,,,,,,
2151,,,,,,,,,,
2152,,,,,,,,,,
2153,,,,,,,,,,
2154,,,,,,,,,,
2155,,,,,,,,,,
2156,,,,,,,,,,
2157,,,,,,,,,,
2158,,,,,,,,,,
2159,,,,,,,,,,
2160,,,,,,,,,,
2161,,,,,,,,,,
2162,,,,,,,,,,
2163,,,,,,,,,,
2164,,,,,,,,,,
2165,,,,,,,,,,
2166,,,,,,,,,,
2167,,,,,,,,,,
2168,,,,,,,,,,
2169,,,,,,,,,,
2170,,,,,,,,,,
2171,,,,,,,,,,
2172,,,,,,,,,,
2173,,,,,,,,,,
2174,,,,,,,,,,
2175,,,,,,,,,,
2176,,,,,,,,,,
2177,,,,,,,,,,
2178,,,,,,,,,,
2179,,,,,,,,,,
2180,,,,,,,,,,
2181,,,,,,,,,,
2182,,,,,,,,,,
2183,,,,,,,,,,
2184,,,,,,,,,,
2185,,,,,,,,,,
2186,,,,,,,,,,
2187,,,,,,,,,,
2188,,,,,,,,,,
2189,,,,,,,,,,
2190,,,,,,,,,,
2191,,,,,,,,,,
2192,,,,,,,,,,
2193,,,,,,,,,,
2194,,,,,,,,,,
2195,,,,,,,,,,
2196,,,,,,,,,,
2197,,,,,,,,,,
2198,,,,,,,,,,
2199,,,,,,,,,,
2200,,,,,,,,,,
2201,,,,,,,,,,
2202,,,,,,,,,,
2203,,,,,,,,,,
2204,,,,,,,,,,
2205,,,,,,,,,,
2206,,,,,,,,,,
2207,,,,,,,,,,
2208,,,,,,,,,,
2209,,,,,,,,,,
2210,,,,,,,,,,
2211,,,,,,,,,,
2212,,,,,,,,,,
2213,,,,,,,,,,
2214,,,,,,,,,,
2215,,,,,,,,,,
2216,,,,,,,,,,
2217,,,,,,,,,,
2218,,,,,,,,,,
2219,,,,,,,,,,
2220,,,,,,,,,,
2221,,,,,,,,,,
2222,,,,,,,,,,
2223,,,,,,,,,,
2224,,,,,,,,,,
2225,,,,,,,,,,
2226,,,,,,,,,,
2227,,,,,,,,,,
2228,,,,,,,,,,
2229,,,,,,,,,,
2230,,,,,,,,,,
2231,,,,,,,,,,
2232,,,,,,,,,,
2233,,,,,,,,,,
2234,,,,,,,,,,
2235,,,,,,,,,,
2236,,,,,,,,,,
2237,,,,,,,,,,
2238,,,,,,,,,,
2239,,,,,,,,,,
2240,,,,,,,,,,
2241,,,,,,,,,,
2242,,,,,,,,,,
2243,,,,,,,,,,
2244,,,,,,,,,,
2245,,,,,,,,,,
2246,,,,,,,,,,
2247,,,,,,,,,,
2248,,,,,,,,,,
2249,,,,,,,,,,
2250,,,,,,,,,,
2251,,,,,,,,,,
2252,,,,,,,,,,
2253,,,,,,,,,,
2254,,,,,,,,,,
2255,,,,,,,,,,
2256,,,,,,,,,,
2257,,,,,,,,,,
2258,,,,,,,,,,
2259,,,,,,,,,,
2260,,,,,,,,,,
2261,,,,,,,,,,
2262,,,,,,,,,,
2263,,,,,,,,,,
2264,,,,,,,,,,
2265,,,,,,,,,,
2266,,,,,,,,,,
2267,,,,,,,,,,
2268,,,,,,,,,,
2269,,,,,,,,,,
2270,,,,,,,,,,
2271,,,,,,,,,,
2272,,,,,,,,,,
2273,,,,,,,,,,
2274,,,,,,,,,,
2275,,,,,,,,,,
2276,,,,,,,,,,
2277,,,,,,,,,,
2278,,,,,,,,,,
2279,,,,,,,,,,
2280,,,,,,,,,,
2281,,,,,,,,,,
2282,,,,,,,,,,
2283,,,,,,,,,,
2284,,,,,,,,,,
2285,,,,,,,,,,
2286,,,,,,,,,,
2287,,,,,,,,,,
2288,,,,,,,,,,
2289,,,,,,,,,,
2290,,,,,,,,,,
2291,,,,,,,,,,
2292,,,,,,,,,,
2293,,,,,,,,,,
2294,,,,,,,,,,
2295,,,,,,,,,,
2296,,,,,,,,,,
2297,,,,,,,,,,
2298,,,,,,,,,,
2299,,,,,,,,,,
2300,,,,,,,,,,
2301,,,,,,,,,,
2302,,,,,,,,,,
2303,,,,,,,,,,
2304,,,,,,,,,,
2305,,,,,,,,,,
2306,,,,,,,,,,
2307,,,,,,,,,,
2308,,,,,,,,,,
2309,,,,,,,,,,
2310,,,,,,,,,,
2311,,,,,,,,,,
2312,,,,,,,,,,
2313,,,,,,,,,,
2314,,,,,,,,,,
2315,,,,,,,,,,
2316,,,,,,,,,,
2317,,,,,,,,,,
2318,,,,,,,,,,
2319,,,,,,,,,,
2320,,,,,,,,,,
2321,,,,,,,,,,
2322,,,,,,,,,,
2323,,,,,,,,,,
2324,,,,,,,,,,
2325,,,,,,,,,,
2326,,,,,,,,,,
2327,,,,,,,,,,
2328,,,,,,,,,,
2329,,,,,,,,,,
2330,,,,,,,,,,
2331,,,,,,,,,,
2332,,,,,,,,,,
2333,,,,,,,,,,
2334,,,,,,,,,,
2335,,,,,,,,,,
2336,,,,,,,,,,
2337,,,,,,,,,,
2338,,,,,,,,,,
2339,,,,,,,,,,
2340,,,,,,,,,,
2341,,,,,,,,,,
2342,,,,,,,,,,
2343,,,,,,,,,,
2344,,,,,,,,,,
2345,,,,,,,,,,
2346,,,,,,,,,,
2347,,,,,,,,,,
2348,,,,,,,,,,
2349,,,,,,,,,,
2350,,,,,,,,,,
2351,,,,,,,,,,
2352,,,,,,,,,,
2353,,,,,,,,,,
2354,,,,,,,,,,
2355,,,,,,,,,,
2356,,,,,,,,,,
2357,,,,,,,,,,
2358,,,,,,,,,,
2359,,,,,,,,,,
2360,,,,,,,,,,
2361,,,,,,,,,,
2362,,,,,,,,,,
2363,,,,,,,,,,
2364,,,,,,,,,,
2365,,,,,,,,,,
2366,,,,,,,,,,
2367,,,,,,,,,,
2368,,,,,,,,,,
2369,,,,,,,,,,
2370,,,,,,,,,,
2371,,,,,,,,,,
2372,,,,,,,,,,
2373,,,,,,,,,,
2374,,,,,,,,,,
2375,,,,,,,,,,
2376,,,,,,,,,,
2377,,,,,,,,,,
2378,,,,,,,,,,
2379,,,,,,,,,,
2380,,,,,,,,,,
2381,,,,,,,,,,
2382,,,,,,,,,,
2383,,,,,,,,,,
2384,,,,,,,,,,
2385,,,,,,,,,,
2386,,,,,,,,,,
2387,,,,,,,,,,
2388,,,,,,,,,,
2389,,,,,,,,,,
2390,,,,,,,,,,
2391,,,,,,,,,,
2392,,,,,,,,,,
2393,,,,,,,,,,
2394,,,,,,,,,,
2395,,,,,,,,,,
2396,,,,,,,,,,
2397,,,,,,,,,,
2398,,,,,,,,,,
2399,,,,,,,,,,
2400,,,,,,,,,,
2401,,,,,,,,,,
2402,,,,,,,,,,
2403,,,,,,,,,,
2404,,,,,,,,,,
2405,,,,,,,,,,
2406,,,,,,,,,,
2407,,,,,,,,,,
2408,,,,,,,,,,
2409,,,,,,,,,,
2410,,,,,,,,,,
2411,,,,,,,,,,
2412,,,,,,,,,,
2413,,,,,,,,,,
2414,,,,,,,,,,
2415,,,,,,,,,,
2416,,,,,,,,,,
2417,,,,,,,,,,
2418,,,,,,,,,,
2419,,,,,,,,,,
2420,,,,,,,,,,
2421,,,,,,,,,,
2422,,,,,,,,,,
2423,,,,,,,,,,
2424,,,,,,,,,,
2425,,,,,,,,,,
2426,,,,,,,,,,
2427,,,,,,,,,,
2428,,,,,,,,,,
2429,,,,,,,,,,
2430,,,,,,,,,,
2431,,,,,,,,,,
2432,,,,,,,,,,
2433,,,,,,,,,,
2434,,,,,,,,,,
2435,,,,,,,,,,
2436,,,,,,,,,,
2437,,,,,,,,,,
2438,,,,,,,,,,
2439,,,,,,,,,,
2440,,,,,,,,,,
2441,,,,,,,,,,
2442,,,,,,,,,,
2443,,,,,,,,,,
2444,,,,,,,,,,
2445,,,,,,,,,,
2446,,,,,,,,,,
2447,,,,,,,,,,
2448,,,,,,,,,,
2449,,,,,,,,,,
2450,,,,,,,,,,
2451,,,,,,,,,,
2452,,,,,,,,,,
2453,,,,,,,,,,
2454,,,,,,,,,,
2455,,,,,,,,,,
2456,,,,,,,,,,
2457,,,,,,,,,,
2458,,,,,,,,,,
2459,,,,,,,,,,
2460,,,,,,,,,,
2461,,,,,,,,,,
2462,,,,,,,,,,
2463,,,,,,,,,,
2464,,,,,,,,,,
2465,,,,,,,,,,
2466,,,,,,,,,,
2467,,,,,,,,,,
2468,,,,,,,,,,
2469,,,,,,,,,,
2470,,,,,,,,,,
2471,,,,,,,,,,
2472,,,,,,,,,,
2473,,,,,,,,,,
2474,,,,,,,,,,
2475,,,,,,,,,,
2476,,,,,,,,,,
2477,,,,,,,,,,
2478,,,,,,,,,,
2479,,,,,,,,,,
2480,,,,,,,,,,
2481,,,,,,,,,,
2482,,,,,,,,,,
2483,,,,,,,,,,
2484,,,,,,,,,,
2485,,,,,,,,,,
2486,,,,,,,,,,
2487,,,,,,,,,,
2488,,,,,,,,,,
2489,,,,,,,,,,
2490,,,,,,,,,,
2491,,,,,,,,,,
2492,,,,,,,,,,
2493,,,,,,,,,,
2494,,,,,,,,,,
2495,,,,,,,,,,
2496,,,,,,,,,,
2497,,,,,,,,,,
2498,,,,,,,,,,
2499,,,,,,,,,,
2500,,,,,,,,,,
2501,,,,,,,,,,
2502,,,,,,,,,,
2503,,,,,,,,,,
2504,,,,,,,,,,
2505,,,,,,,,,,
2506,,,,,,,,,,
2507,,,,,,,,,,
2508,,,,,,,,,,
2509,,,,,,,,,,
2510,,,,,,,,,,
2511,,,,,,,,,,
2512,,,,,,,,,,
2513,,,,,,,,,,
2514,,,,,,,,,,
2515,,,,,,,,,,
2516,,,,,,,,,,
2517,,,,,,,,,,
2518,,,,,,,,,,
2519,,,,,,,,,,
2520,,,,,,,,,,
2521,,,,,,,,,,
2522,,,,,,,,,,
2523,,,,,,,,,,
2524,,,,,,,,,,
2525,,,,,,,,,,
2526,,,,,,,,,,
2527,,,,,,,,,,
2528,,,,,,,,,,
2529,,,,,,,,,,
2530,,,,,,,,,,
2531,,,,,,,,,,
2532,,,,,,,,,,
2533,,,,,,,,,,
2534,,,,,,,,,,
2535,,,,,,,,,,
2536,,,,,,,,,,
2537,,,,,,,,,,
2538,,,,,,,,,,
2539,,,,,,,,,,
2540,,,,,,,,,,
2541,,,,,,,,,,
2542,,,,,,,,,,
2543,,,,,,,,,,
2544,,,,,,,,,,
2545,,,,,,,,,,
2546,,,,,,,,,,
2547,,,,,,,,,,
2548,,,,,,,,,,
2549,,,,,,,,,,
2550,,,,,,,,,,
2551,,,,,,,,,,
2552,,,,,,,,,,
2553,,,,,,,,,,
2554,,,,,,,,,,
2555,,,,,,,,,,
2556,,,,,,,,,,
2557,,,,,,,,,,
2558,,,,,,,,,,
2559,,,,,,,,,,
2560,,,,,,,,,,
2561,,,,,,,,,,
2562,,,,,,,,,,
2563,,,,,,,,,,
2564,,,,,,,,,,
2565,,,,,,,,,,
2566,,,,,,,,,,
2567,,,,,,,,,,
2568,,,,,,,,,,
2569,,,,,,,,,,
2570,,,,,,,,,,
2571,,,,,,,,,,
2572,,,,,,,,,,
2573,,,,,,,,,,
2574,,,,,,,,,,
2575,,,,,,,,,,
2576,,,,,,,,,,
2577,,,,,,,,,,
2578,,,,,,,,,,
2579,,,,,,,,,,
2580,,,,,,,,,,
2581,,,,,,,,,,
2582,,,,,,,,,,
2583,,,,,,,,,,
2584,,,,,,,,,,
2585,,,,,,,,,,
2586,,,,,,,,,,
2587,,,,,,,,,,
2588,,,,,,,,,,
2589,,,,,,,,,,
2590,,,,,,,,,,
2591,,,,,,,,,,
2592,,,,,,,,,,
2593,,,,,,,,,,
2594,,,,,,,,,,
2595,,,,,,,,,,
2596,,,,,,,,,,
2597,,,,,,,,,,
2598,,,,,,,,,,
2599,,,,,,,,,,
2600,,,,,,,,,,
2601,,,,,,,,,,
2602,,,,,,,,,,
2603,,,,,,,,,,
2604,,,,,,,,,,
2605,,,,,,,,,,
2606,,,,,,,,,,
2607,,,,,,,,,,
2608,,,,,,,,,,
2609,,,,,,,,,,
2610,,,,,,,,,,
2611,,,,,,,,,,
2612,,,,,,,,,,
2613,,,,,,,,,,
2614,,,,,,,,,,
2615,,,,,,,,,,
2616,,,,,,,,,,
2617,,,,,,,,,,
2618,,,,,,,,,,
2619,,,,,,,,,,
2620,,,,,,,,,,
2621,,,,,,,,,,
2622,,,,,,,,,,
2623,,,,,,,,,,
2624,,,,,,,,,,
2625,,,,,,,,,,
2626,,,,,,,,,,
2627,,,,,,,,,,
2628,,,,,,,,,,
2629,,,,,,,,,,
2630,,,,,,,,,,
2631,,,,,,,,,,
2632,,,,,,,,,,
2633,,,,,,,,,,
2634,,,,,,,,,,
2635,,,,,,,,,,
2636,,,,,,,,,,
2637,,,,,,,,,,
2638,,,,,,,,,,
2639,,,,,,,,,,
2640,,,,,,,,,,
2641,,,,,,,,,,
2642,,,,,,,,,,
2643,,,,,,,,,,
2644,,,,,,,,,,
2645,,,,,,,,,,
2646,,,,,,,,,,
2647,,,,,,,,,,
2648,,,,,,,,,,
2649,,,,,,,,,,
2650,,,,,,,,,,
2651,,,,,,,,,,
2652,,,,,,,,,,
2653,,,,,,,,,,
2654,,,,,,,,,,
2655,,,,,,,,,,
2656,,,,,,,,,,
2657,,,,,,,,,,
2658,,,,,,,,,,
2659,,,,,,,,,,
2660,,,,,,,,,,
2661,,,,,,,,,,
2662,,,,,,,,,,
2663,,,,,,,,,,
2664,,,,,,,,,,
2665,,,,,,,,,,
2666,,,,,,,,,,
2667,,,,,,,,,,
2668,,,,,,,,,,
2669,,,,,,,,,,
2670,,,,,,,,,,
2671,,,,,,,,,,
2672,,,,,,,,,,
2673,,,,,,,,,,
2674,,,,,,,,,,
2675,,,,,,,,,,
2676,,,,,,,,,,
2677,,,,,,,,,,
2678,,,,,,,,,,
2679,,,,,,,,,,
2680,,,,,,,,,,
2681,,,,,,,,,,
2682,,,,,,,,,,
2683,,,,,,,,,,
2684,,,,,,,,,,
2685,,,,,,,,,,
2686,,,,,,,,,,
2687,,,,,,,,,,
2688,,,,,,,,,,
2689,,,,,,,,,,
2690,,,,,,,,,,
2691,,,,,,,,,,
2692,,,,,,,,,,
2693,,,,,,,,,,
2694,,,,,,,,,,
2695,,,,,,,,,,
2696,,,,,,,,,,
2697,,,,,,,,,,
2698,,,,,,,,,,
2699,,,,,,,,,,
2700,,,,,,,,,,
2701,,,,,,,,,,
2702,,,,,,,,,,
2703,,,,,,,,,,
2704,,,,,,,,,,
2705,,,,,,,,,,
2706,,,,,,,,,,
2707,,,,,,,,,,
2708,,,,,,,,,,
2709,,,,,,,,,,
2710,,,,,,,,,,
2711,,,,,,,,,,
2712,,,,,,,,,,
2713,,,,,,,,,,
2714,,,,,,,,,,
2715,,,,,,,,,,
2716,,,,,,,,,,
2717,,,,,,,,,,
2718,,,,,,,,,,
2719,,,,,,,,,,
2720,,,,,,,,,,
2721,,,,,,,,,,
2722,,,,,,,,,,
2723,,,,,,,,,,
2724,,,,,,,,,,
2725,,,,,,,,,,
2726,,,,,,,,,,
2727,,,,,,,,,,
2728,,,,,,,,,,
2729,,,,,,,,,,
2730,,,,,,,,,,
2731,,,,,,,,,,
2732,,,,,,,,,,
2733,,,,,,,,,,
2734,,,,,,,,,,
2735,,,,,,,,,,
2736,,,,,,,,,,
2737,,,,,,,,,,
2738,,,,,,,,,,
2739,,,,,,,,,,
2740,,,,,,,,,,
2741,,,,,,,,,,
2742,,,,,,,,,,
2743,,,,,,,,,,
2744,,,,,,,,,,
2745,,,,,,,,,,
2746,,,,,,,,,,
2747,,,,,,,,,,
2748,,,,,,,,,,
2749,,,,,,,,,,
2750,,,,,,,,,,
2751,,,,,,,,,,
2752,,,,,,,,,,
2753,,,,,,,,,,
2754,,,,,,,,,,
2755,,,,,,,,,,
2756,,,,,,,,,,
2757,,,,,,,,,,
2758,,,,,,,,,,
2759,,,,,,,,,,
2760,,,,,,,,,,
2761,,,,,,,,,,
2762,,,,,,,,,,
2763,,,,,,,,,,
2764,,,,,,,,,,
2765,,,,,,,,,,
2766,,,,,,,,,,
2767,,,,,,,,,,
2768,,,,,,,,,,
2769,,,,,,,,,,
2770,,,,,,,,,,
2771,,,,,,,,,,
2772,,,,,,,,,,
2773,,,,,,,,,,
2774,,,,,,,,,,
2775,,,,,,,,,,
2776,,,,,,,,,,
2777,,,,,,,,,,
2778,,,,,,,,,,
2779,,,,,,,,,,
2780,,,,,,,,,,
2781,,,,,,,,,,
2782,,,,,,,,,,
2783,,,,,,,,,,
2784,,,,,,,,,,
2785,,,,,,,,,,
2786,,,,,,,,,,
2787,,,,,,,,,,
2788,,,,,,,,,,
2789,,,,,,,,,,
2790,,,,,,,,,,
2791,,,,,,,,,,
2792,,,,,,,,,,
2793,,,,,,,,,,
2794,,,,,,,,,,
2795,,,,,,,,,,
2796,,,,,,,,,,
2797,,,,,,,,,,
2798,,,,,,,,,,
2799,,,,,,,,,,
2800,Additional,,FAST,,,,,,,
2801,Additional,,EASY,,,,,,,
2802,Additional,,MEDIUM,,,,,,,
2803,Additional,,HARD,,,,,,,
2804,Additional,,K,,,,,,,
2805,Additional,,SQUARE,,,,,,,
2806,Additional,,FLAT,,,,,,,
2807,Additional,,GOOD,,,,,,,
2808,Additional,,BAD,,,,,,,
2809,Additional,,NEGATIVE,,,,,,,
2810,Additional,,POSITIVE,,,,,,,
2811,Additional,,LIGHT,,,,,,,
2812,Additional,,HEAVY,,,,,,,
2813,Additional,,SMALL,,,,,,,
2814,Additional,,BIG,,,,,,,
2815,Additional,,MUCH,,,,,,,
2816,Additional,,FEW,,,,,,,
2817,Additional,,MANY,,,,,,,
2818,Additional,,VERY,,,,,,,
2819,Additional,,EXTRA,,,,,,,
2820,Additional,,SURFACE,,,,,,,
2821,Additional,,ONE_PART,,,,,,,
2822,Additional,,TWO_PARTS,,,,,,,
2823,Additional,,THREE_PARTS,,,,,,,
2824,Additional,,FOUR_PARTS,,,,,,,
2825,Additional,,FIVE_PARTS,,,,,,,
2826,Additional,,TURN,,,,,,,
2827,Additional,,CURVE,,,,,,,
2828,Additional,,FICKLE,,,,,,,
2829,Additional,,CRAMPED,,,,,,,
2830,Additional,,EDGE,,,,,,,
2831,Additional,,BORDER,,,,,,,
2832,Additional,,SLIDE,,,,,,,
2833,Additional,,HOLLOW,,,,,,,
2834,Additional,,SHOULDER,,,,,,,
2835,,,,,,,,,,
2836,,,,,,,,,,
2837,,,,,,,,,,
2838,,,,,,,,,,
2839,,,,,,,,,,
2840,,,,,,,,,,
2841,,,,,,,,,,
2842,,,,,,,,,,
2843,,,,,,,,,,
2844,,,,,,,,,,
2845,,,,,,,,,,
2846,,,,,,,,,,
2847,,,,,,,,,,
2848,,,,,,,,,,
2849,,,,,,,,,,
2850,,,,,,,,,,
2851,,,,,,,,,,
2852,,,,,,,,,,
2853,,,,,,,,,,
2854,,,,,,,,,,
2855,,,,,,,,,,
2856,,,,,,,,,,
2857,,,,,,,,,,
2858,,,,,,,,,,
2859,,,,,,,,,,
2860,,,,,,,,,,
2861,,,,,,,,,,
2862,,,,,,,,,,
2863,,,,,,,,,,
2864,,,,,,,,,,
2865,,,,,,,,,,
2866,,,,,,,,,,
2867,,,,,,,,,,
2868,,,,,,,,,,
2869,,,,,,,,,,
2870,,,,,,,,,,
2871,,,,,,,,,,
2872,,,,,,,,,,
2873,,,,,,,,,,
2874,,,,,,,,,,
2875,,,,,,,,,,
2876,,,,,,,,,,
2877,,,,,,,,,,
2878,,,,,,,,,,
2879,,,,,,,,,,
2880,,,,,,,,,,
2881,,,,,,,,,,
2882,,,,,,,,,,
2883,,,,,,,,,,
2884,,,,,,,,,,
2885,,,,,,,,,,
2886,,,,,,,,,,
2887,,,,,,,,,,
2888,,,,,,,,,,
2889,,,,,,,,,,
2890,,,,,,,,,,
2891,,,,,,,,,,
2892,,,,,,,,,,
2893,,,,,,,,,,
2894,,,,,,,,,,
2895,,,,,,,,,,
2896,,,,,,,,,,
2897,,,,,,,,,,
2898,,,,,,,,,,
2899,,,,,,,,,,
2900,,,,,,,,,,
2901,,,,,,,,,,
2902,,,,,,,,,,
2903,,,,,,,,,,
2904,,,,,,,,,,
2905,,,,,,,,,,
2906,,,,,,,,,,
2907,,,,,,,,,,
2908,,,,,,,,,,
2909,,,,,,,,,,
2910,,,,,,,,,,
2911,,,,,,,,,,
2912,,,,,,,,,,
2913,,,,,,,,,,
2914,,,,,,,,,,
2915,,,,,,,,,,
2916,,,,,,,,,,
2917,,,,,,,,,,
2918,,,,,,,,,,
2919,,,,,,,,,,
2920,,,,,,,,,,
2921,,,,,,,,,,
2922,,,,,,,,,,
2923,,,,,,,,,,
2924,,,,,,,,,,
2925,,,,,,,,,,
2926,,,,,,,,,,
2927,,,,,,,,,,
2928,,,,,,,,,,
2929,,,,,,,,,,
2930,,,,,,,,,,
2931,,,,,,,,,,
2932,,,,,,,,,,
2933,,,,,,,,,,
2934,,,,,,,,,,
2935,,,,,,,,,,
2936,,,,,,,,,,
2937,,,,,,,,,,
2938,,,,,,,,,,
2939,,,,,,,,,,
2940,,,,,,,,,,
2941,,,,,,,,,,
2942,,,,,,,,,,
2943,,,,,,,,,,
2944,,,,,,,,,,
2945,,,,,,,,,,
2946,,,,,,,,,,
2947,,,,,,,,,,
2948,,,,,,,,,,
2949,,,,,,,,,,
2950,,,,,,,,,,
2951,,,,,,,,,,
2952,,,,,,,,,,
2953,,,,,,,,,,
2954,,,,,,,,,,
2955,,,,,,,,,,
2956,,,,,,,,,,
2957,,,,,,,,,,
2958,,,,,,,,,,
2959,,,,,,,,,,
2960,,,,,,,,,,
2961,,,,,,,,,,
2962,,,,,,,,,,
2963,,,,,,,,,,
2964,,,,,,,,,,
2965,,,,,,,,,,
2966,,,,,,,,,,
2967,,,,,,,,,,
2968,,,,,,,,,,
2969,,,,,,,,,,
2970,,,,,,,,,,
2971,,,,,,,,,,
2972,,,,,,,,,,
2973,,,,,,,,,,
2974,,,,,,,,,,
2975,,,,,,,,,,
2976,,,,,,,,,,
2977,,,,,,,,,,
2978,,,,,,,,,,
2979,,,,,,,,,,
2980,,,,,,,,,,
2981,,,,,,,,,,
2982,,,,,,,,,,
2983,,,,,,,,,,
2984,,,,,,,,,,
2985,,,,,,,,,,
2986,,,,,,,,,,
2987,,,,,,,,,,
2988,,,,,,,,,,
2989,,,,,,,,,,
2990,,,,,,,,,,
2991,,,,,,,,,,
2992,,,,,,,,,,
2993,,,,,,,,,,
2994,,,,,,,,,,
2995,,,,,,,,,,
2996,,,,,,,,,,
2997,,,,,,,,,,
2998,,,,,,,,,,
2999,,,,,,,,,,
3000,,,,,,,,,,
